GameWorks,36.06825852,-115.1788768,3
Subway,36.1128952,-115.0623534,3
Christy Candy Shop,36.124902,-115.13471,3
Bayside Buffet at Mandalay Bay,36.09121926,-115.1758039,3
Roxy's Diner,36.14770952,-115.1552059,3
Five Star Tavern,36.1590151,-115.0850773,3
Sushi Loca,36.14504941,-115.3328245,3
Tilted Kilt Pub & Eatery,36.11738432,-115.1703222,3
Panda Express,36.1739844,-115.0797206,3
Hot Dog on a Stick,36.1725319,-115.197258,3
Tequila Taqueria,36.11386,-115.168798,3
Krispy Kreme Doughnuts,36.12529103,-115.2457504,3
Pho Thai Binh,36.1263001,-115.2037174,3
Taco Bell,36.195937,-115.227792,3
Cicis,36.16691273,-115.063594,3
China Star,36.1586341,-115.2030893,3
Subway,36.1973681,-115.2578289,3
Slices Pizzeria,36.1337103,-115.0850568,3
Claim Jumper,36.15862089,-115.2909366,3
Wienerschnitzel,36.15926408,-115.077969,3
Silk Road Asian Bistro,36.1362575,-115.1512526,3
Max's Restaurant,36.114859,-115.136639,3
Denny's,36.01982066,-115.118058,3
Roberto's Taco Shop,36.0724028,-115.101393,3
Cravings Buffet,36.121237,-115.174105,3
Subway,36.17122232,-115.2051131,3
Mizuya,36.091869,-115.175256,3
McDonald's,36.0649678,-115.2488196,3
Pupusería El Zunzal,36.1969016,-115.2062221,3
Chow Time,36.1954258,-115.2549386,3
Firelight Buffet,36.1128082,-115.0622887,3
Teriyaki Madness,36.10753322,-115.1530606,3
Chicken Now Venetian,36.1214517,-115.1696112,3
Carl's Jr,36.1891373,-115.2596473,3
Chili's,36.198756,-115.2425637,3
Del Taco,36.2400326,-115.0614211,3
Original Tommy's,36.10883583,-115.0613113,3
Manhattan Pizza IV,36.2322239,-115.2509803,3
Del Taco,36.1585667,-115.1247518,3
Taco Bell,36.24042,-115.233322,3
Subway,35.9974897,-115.2056326,3
Subway,36.1721756,-115.1468294,3
Food Express,36.1427819,-115.1747468,3
Sports Deli,36.11680172,-115.1885337,3
Cafe Rio,36.14517489,-115.1759789,3
Del Taco,36.10208156,-115.0531421,3
Westin Las Vegas Hotel & Spa,36.115198,-115.165729,3
Golden Corral,36.155011,-115.082821,3
Domino's Pizza,36.09964574,-115.2998999,3
MGM Grand Hotel,36.1022507,-115.1699679,3
Tacos Mexico,36.1500208,-115.1537167,3
Subway,36.1906225,-115.2588414,3
America,36.102003,-115.175161,3
Taco Maker,36.12768339,-115.1690246,3
White Castle,36.12081673,-115.172051,3
Chipotle Mexican Grill,36.12132924,-115.1685001,3
Cracker Barrel Old Country Store,36.0379386,-115.1818561,3
Denny's,36.05912332,-115.1718664,3
Avenue Cafe,36.103399,-115.169402,3
Dairy Queen,36.23398748,-115.2506138,3
El Super,36.15787752,-115.0818224,3
Mah Jong,36.1164467,-115.1848942,3
Goldilocks,36.138855,-115.13789,3
Cafe Derbi,36.1154382,-115.2221626,3
Johnny Rockets,36.0414,-115.184424,3
Ciao Pizzeria,36.0992774,-115.1000454,3
Ristorante Italiano,36.1354133,-115.1600836,3
Antojitos Estilo Michoacan,36.188247,-115.0908137,3
PT's,36.14495492,-115.2046129,3
Wendy's,36.08481209,-115.151201,3
Stacks & Yolks,36.2170133,-115.2255824,3
Buffalo Wild Wings,36.28123174,-115.2861511,3
Pizzeria,36.137457,-115.164796,3
IHOP,36.1231734,-115.2436302,3
Pho Da Nang Vietnamese Kitchen,36.11549,-115.1891,3
Ciao Ciao Cafe & Bar,36.11877015,-115.176731,3
Don Chuy Mexican Grill,36.060423,-115.224332,3
Seabreeze Cafe,36.090754,-115.1766701,3
Farmer Boys,36.0615179,-115.2424786,3
Del Taco,36.1585619,-115.1657933,3
Nathan's Famous,36.095424,-115.175922,3
Rosati's Pizza,36.21875882,-115.314123,3
Carl's Jr.,36.055891,-115.280423,3
Arby's,36.19485019,-115.2466244,3
Del Taco,36.2400085,-115.0614018,3
Kerry's Sports Pub Pizza & Grill,36.2234468,-115.2173307,3
Johnny Rockets,36.115652,-115.172511,3
Taqueria El Buen Pastor,36.1697307,-115.2055056,3
Poukei,36.1107901,-115.1714113,3
Wendy's,36.056,-115.118716,3
Burger King,36.04761056,-115.1717244,3
Dumpling And Noodle House,36.10760017,-115.1716613,3
Golden China Chinese Cuisine,36.1170214,-115.0904787,3
Subway,36.2912061,-115.315539,3
Chipotle Mexican Grill,36.08541829,-115.1194384,3
Las Islitas,36.1812782,-115.0994456,3
Jack in the Box,36.08477976,-115.0315822,3
Panda Express,36.1584067,-115.2053419,3
LA Subs & Salads,36.116349,-115.172121,3
Subway,36.2017936,-115.2819809,3
PT's Gold,36.0142033,-115.2070681,3
Olocuilta Restaurant,36.1588442,-115.1259392,3
G G Santi II,36.1220839,-115.1680316,3
IHOP,36.1155292,-115.0684871,3
Samurai Sam's,36.113711,-115.307527,3
McDonald's,36.1252802,-115.2223961,3
Center Cut Steakhouse,36.11643684,-115.1721598,3
Subway,36.1433102,-115.2253441,3
Panda Express,36.1253148,-115.2463595,3
All-American Bar & Grille,36.117207,-115.188261,3
Jack In the Box,36.041506,-115.189211,3
Villa Fresh Italian Kitchen,36.08316031,-115.1452478,3
Grape Street Cafe & Wine Bar,36.14897962,-115.332966,3
Del Taco,36.0577755,-115.243734,3
Riva by Wolfgang Puck,36.12266174,-115.1701936,3
Cicis,36.21514769,-115.2427679,3
Jack in the Box,36.2381728,-115.2502154,3
Mrs Geez Southern Home Cooking,36.1429701,-115.20935,3
Jack In the Box,36.1964629,-115.2603772,3
Chipotle Mexican Grill,36.09899906,-115.2961846,3
El Pollo Loco,36.0138196,-115.1536846,3
Five Star Tavern,36.2037503,-115.242497,3
Sterling Spoon Cafe,36.1139489,-115.1523393,3
Taco Bell,36.05590834,-115.2779294,3
Nathan's Famous,36.1022287,-115.1745851,3
Samurai Sam's,36.0512304,-115.1714179,3
Crepes N' Tacos Mexican Grill,36.16473501,-115.0607505,3
New York Chinese Restaurant,36.2067845,-115.3023741,3
Dragon's Alley,36.14408998,-115.1607798,3
Village Pub & Grill,36.08569903,-115.1395432,3
El Buen Gusto,36.1883174,-115.1161999,3
Cafe Vetro,36.1092406,-115.1784884,3
Napoli Pizzeria,36.1462948,-115.2072085,3
McDonald's,36.272595,-115.2684226,3
Capriotti's Sandwich Shop,36.29616089,-115.2885766,3
Rendezvous Wine & Dine,36.14266339,-115.2094891,3
Lanai Express,36.1710681,-115.1431353,3
Jimmy John's,36.0991195,-115.2999582,3
Palermo's Pizza,36.1154564,-115.1335869,3
Italia Express,36.1643156,-115.1574463,3
Daddy's Delights,36.1479553,-115.1645721,3
PT's,36.1194254,-115.2798389,3
24 Hour Soul Food Express,36.11720739,-115.0883292,3
The Marketplace,36.1400616,-115.1611066,3
Lucky Streak at LAS,36.0839998,-115.1537389,3
PT's,36.13022154,-115.119842,3
L & L Hawaiian BBQ,36.1157101,-115.1373693,3
Feast Buffet,36.1427819,-115.1747468,3
Cafe Verdi,36.1308989,-115.1907847,3
Port of Subs,36.1300453,-115.1784278,3
Tao Nightclub,36.122643,-115.170356,3
Panera Bread,36.16327885,-115.2891617,3
Carl's Jr Restaurants,36.1262617,-115.2070164,3
Mimi's Cafe,36.1576912,-115.2918796,3
Express Pizza,36.0412748,-115.1540498,3
LavAzza,36.1143212,-115.1708662,3
Jack in the Box,36.19515934,-115.0300752,3
The Grill,36.1678145,-115.1415101,3
L & L Hawaiian Barbecue,36.1612611,-115.3332232,3
Chayo Mexican Kitchen + Tequila Bar,36.117735,-115.171714,3
Big Horn Cafe,36.3037622,-115.6796317,3
Panda Express,36.281315,-115.287263,3
Best Of The Best DJ's,36.0552657,-115.2418494,3
Roberto's Taco Shop,36.1584264,-115.2920481,3
The Bar-Lounge At Urban Turban,36.1181114,-115.1542209,3
Pink's Hot Dogs,36.109413,-115.172353,3
Gilley's,36.12398794,-115.1706583,3
Subway,36.055414,-115.241332,3
Godfathers Pizza,36.381974,-114.896954,3
Ori'Zaba's Scratch Mexican Grill,36.01304612,-115.1364096,3
Canter's Las Vegas,36.168389,-115.285329,3
Subway,36.08852615,-115.1734296,3
Memphis Championship Barbecue,36.0577242,-115.1225863,3
China One - South Durango,36.1174457,-115.2790272,3
Le Cafe Ile St. Louis,36.1123576,-115.1702214,3
Buca di Beppo Italian Restaurant,36.19721783,-115.2641317,3
Pizza Hut,36.14528749,-115.2950039,3
Liquid Pool Lounge,36.10674754,-115.1786891,3
Pizzeria Francesco's,36.124746,-115.172075,3
Auntie Anne's Soft Pretzel,36.172259,-115.1963237,3
Smashburger,36.118153,-115.187152,3
Baja Miguel's,36.0116878,-115.1757977,3
Village Pub and Grill,36.08400027,-115.153739,3
Rikki Tiki Sushi,36.13620483,-115.1514109,3
New York Bagel Bakery,36.1617046,-115.1734184,3
Olive Garden Italian Restaurant,36.1596477,-115.331415,3
The Memory Thai,36.1292009,-115.0875234,3
Feast Buffet,36.1337103,-115.0850568,3
8th Ave Pizza,35.9829421,-115.1903878,3
Macayo's Mexican Restaurant,36.1434972,-115.2707372,3
Subway,36.0198631,-115.2704078,3
Ketchup Premium Burger Bar,36.10994931,-115.1687445,3
Roberto's Taco Shop,36.14107966,-115.1193114,3
Times Square To Go,36.175,-115.136389,3
Home-Made Ice Cream,36.1298994,-115.190887,3
Auntie Anne's,36.08159339,-115.1380271,3
PT's,36.06804227,-115.2975154,3
Steak & Spud Factory,36.1259335,-115.1352534,3
Grand Cafe,36.14262572,-115.1749536,3
JJ's Boulangerie,36.112821,-115.17013,3
PT's,36.0718066,-115.0991547,3
Einstein Bros,36.1056907,-115.1368546,3
Sonic Drive-In,36.07834,-115.101509,3
Subway,36.1051256,-115.1752326,3
Subway,36.2393761,-115.2267749,3
Subway,36.1948256,-115.2055627,3
Taco Time,36.043512,-115.186375,3
Einstein Bros,36.1161424,-115.2424708,3
The Lodge Tenaya,36.26419,-115.25249,3
Binion's Cafe,36.1715474,-115.144279,3
Sonic Drive-In,36.1435161,-115.2330284,3
Popeyes Louisiana Kitchen,36.1035296,-115.1723424,3
Rubio's,36.052392,-115.1690207,3
Wingstop,36.1002514,-115.2098938,3
Carl's Jr.,36.1150195,-115.1196411,3
PT's,36.01282854,-115.1337813,3
Auntie Anne's,36.1378447,-115.1654364,3
Grand Bazaar Shops,36.1140948,-115.1719891,3
Krazy Buffet,36.2174113,-115.2427036,3
McDonald's,36.1476947,-115.1563056,3
Subway,36.14286834,-115.1751612,3
Del Taco,36.04017868,-115.1918763,3
Streets of New York,36.2985157,-115.2799828,3
Del Taco,36.0207309,-115.1210863,3
Chiamaka Food,36.0987437,-115.1360224,3
Medley Buffet,36.10272319,-115.2025938,3
Buffet Asia,36.1447569,-115.242249,3
Carl's Jr And Green Burrito,36.1301701,-115.1374141,3
Port of Subs,36.2006158,-115.2799579,3
Sonic Drive-In,36.116176,-115.19734,3
Tacos El Nopal,36.0868542,-115.1961927,3
Sorrento Pizza,36.1809428,-115.2413137,3
Flavors The Buffet,36.11992826,-115.172435,3
Snacks,36.11382484,-115.1755528,3
Memphis Championship Barbecue,36.2397652,-115.0566968,3
Citizens Kitchen and Bar,36.091726,-115.176646,3
Tipicos Centro America Restaurant,36.1947029,-115.0632463,3
Golden Cake,36.0998549,-115.0766815,3
Sports Deli,36.1018972,-115.1717762,3
Lucky's Lounge,36.2981172,-115.270739,3
Subway,36.03805,-115.1967368,3
Jimmy John's,36.16118077,-115.3336107,3
2nd Annual Asian Food Festival,36.041673,-115.184999,3
LJ Filipino Restaurant and Pub,36.02871328,-115.1357471,3
San Gennaro Burger,36.1226902,-115.1701939,3
China One,36.09944318,-115.1176201,3
Tacos N' Ritas,36.1011972,-115.1724261,3
Kapit Bahay,36.125902,-115.195127,3
Pho Vietnam Restaurant,36.1253808,-115.1959803,3
The Lodge at Grand Teton,36.306602,-115.2772369,3
Timbers - Durango,36.2890998,-115.2884782,3
Taco Bell,36.14168381,-115.136417,3
DJT,36.129522,-115.172779,3
Track Lounge,36.0858828,-115.149411,3
Robertos Taco Shop,36.14530172,-115.0478923,3
Red Sushi,36.17015064,-115.1447884,3
Domino's Pizza,36.277855,-115.288323,3
Tasty Island Jamaican Restaurant,36.11492325,-115.2413547,3
Three Angry Wives,36.1593779,-115.2881423,3
Macayo Vegas,36.1592393,-115.1261371,3
Dickey's Barbecue Pit,36.27993091,-115.206377,3
Nathan's Famous,36.132468,-115.155494,3
The Rockhouse,36.122736,-115.170273,3
Cabo Mexican Restaurant,36.132771,-115.085169,3
Asada's Tacos,36.170125,-115.141972,3
Rivas Mexican Grill,36.15962,-115.2425364,3
Starbucks,36.0990448,-115.1704519,3
Margarita Grille,36.1364308,-115.1523363,3
Auntie Anne's,36.1277253,-115.1744147,3
McDonalds,36.1022543,-115.1699583,3
Goose Island Pub,36.1100828,-115.1538714,3
Bogey's Bar & Grill,36.2631315,-115.2655165,3
McDonald's,36.2626038,-115.2499399,3
Chipotle Mexican Grill,36.1107901,-115.1714113,3
Orange Julius / Dairy Queen,36.1272241,-115.1715512,3
Brother's Italian Bistro,36.240299,-115.2499187,3
Hong Kong Garden Seafood & BBQ Cafe,36.1271853,-115.2250113,3
Aztec Inn,36.1461136,-115.1564612,3
Amazing Thai 2,36.0533813,-115.2795528,3
The Blue Skillet Family Restaurant,36.159189,-115.127554,3
Subway,36.1181159,-115.1543551,3
Little Dumpling,36.279407,-115.206454,3
The Lodge Cactus,35.9989125,-115.2037393,3
Carl's Jr.,36.2384706,-115.209366,3
Roberto's Taco Shop,36.06512762,-115.1190859,3
Peking-Express Restaurant,36.2170592,-115.0921264,3
Fatburger,36.1564004,-115.3335562,3
Red Lobster,36.1716652,-115.2066306,3
Sidewalk Cafe,36.1190699,-115.1564608,3
Life Cafe,36.15815114,-115.3277725,3
Buffalo Wild Wings,36.1120909,-115.3142768,3
The Deli at Eastside Cannery,36.1079011,-115.0563724,3
Blizz Frozen Yogurt - Bally's Hotel & Casino,36.11432186,-115.1708663,3
Kopper Keg Lounge,36.0290393,-115.1193516,3
Taco Bell,36.02074197,-115.2690527,3
Aloha Kitchen,36.04169897,-115.1354851,3
Taco Bell,36.12974,-115.06516,3
Ocean One Bar and Grille,36.108854,-115.170512,3
Robertos Taco Shop,36.23747671,-115.2312954,3
Dae Jang Keum Korean BBQ & Tofu Restaurant,36.12586988,-115.1923266,3
La Salsa,36.1107901,-115.1714113,3
Kimchi Korean Bbq,36.1316722,-115.1642599,3
Taco Bell,36.158862,-115.318343,3
Vince Neil's Tatuado EAT DRINK PARTY,36.13711223,-115.1633105,3
Johnny Rockets,36.114019,-115.167687,3
Haute Doggery,36.11737,-115.171964,3
Quiznos,36.2777739,-115.2883157,3
Einstein Bros Bagels,36.05746753,-115.1207419,3
Beach Café,36.09900773,-115.1714109,3
Paradise Cantina,36.10882105,-115.1511756,3
Brightside Breakfast & Burgers,36.1720776,-115.1468298,3
Cypress Street Marketplace,36.1162194,-115.1745719,3
New Grand China,36.3004468,-115.2811457,3
Oyster Bay Seafood,36.10877322,-115.1702363,3
PKWY Tavern,36.11580764,-115.3062742,3
IHOP,36.240972,-115.057918,3
Johnny Rockets,36.12769353,-115.1732654,3
PBR Rock Bar & Grill,36.109159,-115.171998,3
Jack In the Box,36.22021297,-115.2780137,3
La Original Michoacana,36.1443695,-115.0623152,3
Farmer Boys,36.1588115,-115.2072854,3
Marie Callender's Restaurant & Bakery,36.1435013,-115.2695428,3
Social Table,36.1144832,-115.1948136,3
Rice & Company,36.095927,-115.175779,3
Ali Baba Cuisine,36.0292843,-115.1162048,3
Dick's Last Resort,36.0994443,-115.1754685,3
Ports O' Call Buffet,36.1166353,-115.1929046,3
PT's,36.2160084,-115.2426839,3
Bentley's Bar and Grill,36.07191177,-115.1140028,3
Santorino Pizza,36.1299918,-115.2074073,3
Excalibur Pool,36.0987307,-115.175777,3
P-Dub's BBQ,36.12564421,-115.1349693,3
Durango Taco Shop,36.30247893,-115.2823526,3
Olive Garden Italian Restaurant,36.160537,-115.061661,3
Wendy's,36.1595332,-115.2896481,3
Little Dumpling,36.11594439,-115.2945959,3
Jacky Chan,36.0216326,-115.2777342,3
North End Pizza,36.2777222,-115.2863093,3
Burger King,36.1435859,-115.2815636,3
Subway,36.0765456,-115.2432137,3
Einstein Bros Bagels,36.115656,-115.300165,3
Ilopango Salvadorean Restaurant,36.1006486,-115.099351,3
Panda Express,36.1055757,-115.1380183,3
Cafe Rio,36.1044164,-115.1367601,3
El Pollo Loco,36.0996477,-115.1161258,3
Happy Wok,36.0894888,-115.2431996,3
Town Center Lounge,36.271474,-115.2606133,3
Panda Express,36.155728,-115.334217,3
Treasures Gentlemen's Club,36.140018,-115.173718,3
Popeyes Louisiana Kitchen,36.1172631,-115.2099329,3
Romano's Macaroni Grill,36.19813466,-115.2424329,3
Little Hong Kong,36.24026079,-115.0571249,3
PT's,36.0706695,-115.1302094,3
Don Tortaco Mexican Grill,36.05448709,-115.1187443,3
Tropical Smoothie Cafe,36.09846439,-115.1763073,3
Zabas Mexican Grill at the Plaza,36.1720776,-115.1468298,3
Del Taco,36.1964386,-115.2576446,3
Arby's,36.114953,-115.223163,3
Sansei Japanese Cuisine,36.1725319,-115.197258,3
Taco Bell,36.0609332,-115.2242758,3
Del Taco,36.0996345,-115.2231986,3
Pita's,36.05267754,-115.1685405,3
Asían Fresh,36.1079121,-115.1659357,3
Denny's,36.10035015,-115.2099404,3
Port of Subs,36.1606729,-115.2439171,3
Putter's Bar & Grill,36.2188349,-115.2645919,3
Sammy's LA Pastrami & Burgers,36.1000026,-115.1222548,3
Campus Commons Food Court,36.1587068,-115.2367353,3
China House,36.11455428,-115.1942572,3
Chipotle Mexican Grill,36.127275,-115.173131,3
Little Caesar's,36.12512,-115.297975,3
Panda Express,36.15766814,-115.0798114,3
Subway,36.11512921,-115.2031005,3
Potato Corner,36.06772618,-115.1774319,3
Voga,36.1163474,-115.1723373,3
Charleys Philly Steaks,36.172532,-115.1972579,3
Romano's Macaroni Grill,36.144605,-115.174916,3
The Venetian - Food Court,36.1229174,-115.1685253,3
Sourdough Cafe,36.12489145,-115.0759213,3
Pupusas La Familiar Restaurant,36.10083565,-115.0750627,3
Mama's Pizza,36.11532183,-115.1880311,3
Roberto's Taco Shop,36.240154,-115.065915,3
The Lodge Fort Apache,36.083395,-115.2972898,3
Chipotle Mexican Grill,36.29149928,-115.2873648,3
Thrifty Ice Cream,36.09857981,-115.0495758,3
Roberto's Taco Shop,36.000382,-115.1543777,3
The Grille Inside The Golden Nugget,36.1691036,-115.1441195,3
QDOBA Mexican Eats,36.10010526,-115.2099095,3
Rickenbackers Cafe,36.24203635,-115.0449223,3
Johnny Rockets,36.1212025,-115.1682999,3
Lucky's Restaurant,36.13193741,-115.1520218,3
17 South Booze & Bites,36.0596893,-115.1715273,3
Applebee's Neighborhood Grill & Bar,36.1293298,-115.1362782,3
Denny's,36.13292301,-115.1637867,3
Fremont Hotel & Casino,36.1710681,-115.145324,3
Cafe Modena,36.0573012,-115.1285587,3
Siegel's 1941,36.16884864,-115.1390386,3
Putter's Bar & Grill,36.0979449,-115.1198639,3
Rainforest Cafe,36.10887415,-115.1719566,3
Green Leaf,36.1638289,-115.1568419,3
The Lodge Hualapai,36.12736,-115.31477,3
Fuddruckers,36.10305008,-115.2025182,3
Heart Attack Grill,36.1694,-115.140782,3
TGI Fridays,36.10726771,-115.0609699,3
Sandbar,36.15328907,-115.3313892,3
Capriotti's Sandwich Shop,36.1013882,-115.2977724,3
John Cutter,36.159014,-115.351342,3
Durango Lodge,36.128902,-115.279898,3
Chipotle Mexican Grill,36.16192751,-115.0626117,3
McDonald's,36.21904235,-115.281378,3
Kabob Empire,36.1218691,-115.1696529,3
John's Incredible Pizza Company,36.122106,-115.134871,3
Panda Express,36.14435964,-115.2072256,3
The Buffet at ARIA,36.107069,-115.17764,3
Pyramid Cafe,36.0953642,-115.1758303,3
M&M Soul Food Cafe,36.14534948,-115.1560199,3
Panda Express,36.27687095,-115.207351,3
Sonic Drive-In,36.0565763,-115.2797791,3
Grill 55,36.1273341,-115.1547751,3
Del Taco,36.1436582,-115.2764331,3
Capriotti's Sandwich Shop,36.14581443,-115.3340663,3
Yong Kang Street,36.11257645,-115.1708328,3
Popeyes Louisiana Kitchen,36.2393899,-115.2510613,3
Phil's Italian Steak House,36.124571,-115.1724277,3
Roadrunner Saloon,36.18224438,-115.2602711,3
Papa John's Pizza,36.1672622,-115.2592043,3
Panda Express,36.1014914,-115.2054234,3
Tony Big's Pizza N Pasta,36.05835714,-115.2784112,3
Einstein Bros,36.1433258,-115.206316,3
Sonic Drive-In,36.2206556,-115.2160948,3
Grand China Fine Chinese Cuisine,36.2618942,-115.2476783,3
Chronic Tacos,36.11554934,-115.2982954,3
Napoli Pizza,36.17703652,-115.0638822,3
El Super,36.14567666,-115.2050033,3
Vegas Best Pizza,36.102907,-115.155708,3
Capriotti's Sandwich Shop,36.0574572,-115.120315,3
McDonald's,36.240964,-115.2502674,3
McDonald's,36.1966104,-115.2617452,3
Brewskes Bar & Grille,36.1234548,-115.2792843,3
Denny's,36.10041885,-115.1193848,3
Panda Express,36.0132581,-115.134526,3
Fin,36.12160248,-115.1744376,3
Bonanno's New York Pizzeria,36.1163675,-115.1720418,3
Panda Express,36.17244986,-115.1956491,3
Chipotle Mexican Grill,36.1440005,-115.206161,3
Chili's,36.052802,-115.171496,3
Sundance Grill,36.04206201,-115.1834151,3
McDonalds,36.175294,-115.2239564,3
Port of Subs,36.0718988,-115.0941131,3
Wienerschnitzel,36.21736009,-115.2130617,3
El Diamante Restaurant,36.159238,-115.110456,3
Burger King,36.1337103,-115.0850568,3
Port of Subs,36.1293291,-115.1114772,3
Jimmy John's,36.239558,-115.114848,3
Papa Murphy's,36.30136071,-115.2821881,3
Port of Subs,36.2409489,-115.1592072,3
Del Taco,36.27384526,-115.2681747,3
Painted Desert Golf Club,36.2620095,-115.2577668,3
Don Tortaco Mexican Grill,36.01469444,-115.154298,3
Pancho's Mexican Food,36.24669649,-115.2091723,3
Jack In The Box,36.0419347,-115.1202268,3
Magnolia's Veranda,36.170384,-115.1439296,3
Carnegie,36.120578,-115.173653,3
Mr Chow,36.11613586,-115.1765209,3
Wingstop,36.11790839,-115.1371387,3
Domino's Pizza,36.1972759,-115.2231899,3
The Restaurant at Platinum,36.1138052,-115.1630001,3
Chophouse & Brewery,36.08588501,-115.137502,3
Angelina's Pizzeria - Cheyenne,36.2187596,-115.2645776,3
Mimi's Cafe,36.28286913,-115.2871548,3
Carl's Jr.,36.084465,-115.119349,3
Buca di Beppo,36.11494373,-115.1518317,3
Jalapeno Grill,36.1588302,-115.2111651,3
Denny's,36.16991424,-115.1411766,3
Panda Express,36.141812,-115.119151,3
Cicis,36.15800652,-115.2001382,3
Sophia's Pizzeria,36.1287425,-115.1980492,3
Buffalo Wild Wings,36.10840219,-115.1716534,3
Teriyaki Madness,36.1440204,-115.2971864,3
PT's Gold,36.12664021,-115.1995477,3
Taco Bell,36.099964,-115.224125,3
Cleo's Team Dining room,36.1161559,-115.1750576,3
Jack in the Box,36.1301092,-115.1102267,3
Wienerschnitzel,36.152902,-115.243109,3
Robertos Taco Shop,36.05597308,-115.2812173,3
PT's,36.2760519,-115.1204204,3
Subway,36.21783191,-115.2405831,3
Smashburger,36.1161559,-115.1750576,3
Spice Market Buffet,36.11025031,-115.1716661,3
Viola's Tavern,36.10750643,-115.2256396,3
Pizzeria Da Enzo,36.1226902,-115.1701939,3
Jack In the Box,36.0867005,-115.243293,3
Pampas Churrascaria Brazilian Grille,36.1107901,-115.1714113,3
Hibachi Grill & Supreme Buffet,36.16741865,-115.063732,3
Panda Express,36.2642283,-115.2562576,3
Nathan's Famous Hot Dogs,36.124423,-115.146372,3
Chow King,36.1182191,-115.1357269,3
Panda Express,36.1035296,-115.1723424,3
Ping Pong Thai Restaurant,36.1316722,-115.1642599,3
The Daddy's Pizza,36.13925157,-115.0668884,3
Fatburger,36.2498922,-115.2441383,3
PT's,36.0764517,-115.2087831,3
Cook On Wok,36.21880685,-115.2761799,3
Del Taco,36.1438685,-115.222688,3
L&L Hawaiian Barbecue,36.0553574,-115.2414974,3
Chili's,36.1585019,-115.2930438,3
L & L Hawaiian Barbecue,36.13949754,-115.0658214,3
Port of Subs,36.159591,-115.3194725,3
Jenni Pho,36.0455949,-115.2435889,3
PT's,36.2617517,-115.1528506,3
Red Shrimp Company,36.1153524,-115.224559,3
Toby Keith's I Love This Bar & Grill,36.11899784,-115.1703831,3
Le Village Buffet,36.11284212,-115.1705693,3
Jimmy John's,36.00683622,-115.1160191,3
Mob City Pizza,36.1075559,-115.2257416,3
Chili's,36.1065515,-115.1721097,3
Applebee's Neighborhood Grill & Bar,36.1683127,-115.0616545,3
Wingzza Boca Park,36.16046958,-115.289889,3
Chicken Connection,36.1272241,-115.1715512,3
Jack in the Box,36.2758609,-115.2879145,3
KG BBQ,36.125908,-115.197904,3
Chronic Tacos,36.114539,-115.195684,3
Blizz,36.10389158,-115.1693195,3
Buck's Tavern,36.18177659,-115.0618659,3
Chengdu Laozao Hot Pot,36.1260788,-115.2198304,3
Kristofer's Steak House,36.1354133,-115.1600836,3
International Eatery,36.170055,-115.140844,3
Roberto's Taco Shop,36.12814257,-115.3145723,3
D Grill,36.16959416,-115.1428746,3
Jack in the Box,36.1139098,-115.2795593,3
Robertos Taco Shop,36.21869717,-115.3139333,3
Chipotle Mexican Grill,36.0636453,-115.2520481,3
Jade Cafe,36.12761244,-115.1983187,3
Jack in the Box,36.074447,-115.173368,3
Public House,36.09541517,-115.1749703,3
Bombay Indian Cuisine,36.1314849,-115.1644624,3
PT's,36.1561804,-115.2061979,3
Naked City Pizza Express,36.0213215,-115.2443571,3
Subway,36.1156019,-115.0952083,3
Charlie's Market Buffet,36.1634312,-115.2072287,3
Cicis,36.09867707,-115.1186782,3
McDonald's,36.061723,-115.24188,3
Roberto's Taco Shop,35.999183,-115.204305,3
Famous Dave's Barbeque - Las Vegas,36.194458,-115.2430691,3
Subway,36.1027192,-115.2019841,3
Hazel M Wilson Dining Commons,36.104581,-115.140343,3
Denny's,36.2384851,-115.248178,3
Kapuso Kapamilya,36.1267512,-115.1977733,3
Jack In the Box,36.152386,-115.153614,3
Sonic Drive-In,36.099863,-115.061928,3
Outback Steakhouse,36.1945472,-115.2416916,3
Taqueria El Paisano,36.129543,-115.2074652,3
Grand Café,36.1337103,-115.0850568,3
Nunzio's Pizza,36.175,-115.136389,3
China One,36.28967613,-115.285824,3
J & J Szechuan Cuisine川味坊,36.1262439,-115.2192607,3
BBQ King,36.1259475,-115.2188254,3
El Pollo Loco,36.059041,-115.118746,3
BJ's Restaurant & Brewhouse,36.269812,-115.261465,3
Pepe's Tacos,36.2026153,-115.2429108,3
Pupuseria Cabanas,36.1426537,-115.1187755,3
Dairy Queen,36.04272809,-115.1508933,3
Port of Subs,36.2168697,-115.2445979,3
Great Wraps,36.127032,-115.168361,3
Barcelona Restaurant,36.2400638,-115.0626441,3
Subway,36.26434433,-115.2579025,3
Lee's Sandwiches,36.12602715,-115.1929697,3
Nathan's Famous,36.114375,-115.19581,3
Heidi's Brooklyn Deli,36.0651377,-115.1190699,3
Cadillac To Go,36.17030844,-115.1458076,3
Chipotle Mexican Grill,36.03978127,-115.1909016,3
Sonic Drive-In,36.2398981,-115.116839,3
Tea Station,36.125964,-115.1976,3
Rock n Roll Sushi,36.1316722,-115.1642599,3
Coronado Cafe,36.01163429,-115.1758912,3
On The Border Mexican Grill & Cantina,36.2645991,-115.2564117,3
Sonic,36.2187196,-115.2568106,3
Binion's Gambling Hall,36.171235,-115.144061,3
Burger King,36.1841691,-115.3090811,3
Del Taco,36.30259006,-115.284756,3
Longhorn Hotel & Casino,36.1073052,-115.0593911,3
Breakfast Buffet at Trump International Tower,36.1295381,-115.1725684,3
Roberto's Taco Shop,36.1886106,-115.2403282,3
Pho Rose,36.1908365,-115.2587987,3
Taco Ole,36.0995921,-115.1179537,3
Thai Original BBQ,36.1410827,-115.1364641,3
The Cheesecake Factory,36.1661416,-115.1564436,3
Del Taco,36.1035296,-115.1723424,3
Taco Bell,36.122409,-115.13732,3
Joey's Pizza,36.12927845,-115.0643773,3
Domino's Pizza,36.2109214,-115.2799156,3
Ginseng Korean BBQ II,36.1050193,-115.171768,3
The Lodge at Shelbourne,36.03671,-115.24285,3
Hennessey's Tavern,36.1690627,-115.1414881,3
Wienerschnitzel,36.0208681,-115.1247688,3
Applebee's Neighborhood Grill & Bar,36.0977743,-115.2966684,3
Chipotle Mexican Grill,36.1148843,-115.1556042,3
Rice To-Go,36.1266135,-115.2070496,3
Mother's Korean Grill,36.1253808,-115.1959803,3
Cafe Moda,36.1273078,-115.2243612,3
Five Star Tavern,36.2107867,-115.2956432,3
Market Cafe Vdara,36.1092406,-115.1784884,3
Brookwood Farms BBQ,36.08042311,-115.1463896,3
L & L Hawaiian Barbecue,36.19450971,-115.2597342,3
L & L Hawaiian Barbecue,36.1425984,-115.1375486,3
California Pizza Kitchen,36.12018261,-115.17473,3
Westside Deli,36.1378447,-115.1654364,3
Lo-Lo's Chicken and Waffles,36.196409,-115.2402479,3
Bonanno's New York Pizzeria,36.10278945,-115.1698896,3
Earl of Sandwich,36.1177242,-115.1758364,3
Subway,36.14409793,-115.1554387,3
Hungry Howie's Pizza,36.3006294,-115.2841268,3
Icy Juicy,36.12660145,-115.2243716,3
Las Tapatias,36.1592624,-115.2250058,3
Dave & Buster's,36.1486189,-115.332454,3
Camelot Steakhouse,36.09864383,-115.1753811,3
Noodles,36.11226905,-115.1763005,3
Chipotle Mexican Grill,36.19530915,-115.2477487,3
Taco Bell,36.28005474,-115.2656491,3
China A GoGo,36.0529956,-115.2799348,3
Centerfolds Cabaret LV,36.109518,-115.1520171,3
Kusina Ni Lorraine,36.2388477,-115.232952,3
Subway,36.1438217,-115.294084,3
Vienna Hot Dog/Mrs. Fields,36.0765176,-115.1533426,3
China A Go Go,35.9974897,-115.2056326,3
Hawaiian Food Online,36.1437297,-115.2376269,3
Kopper Keg North,36.284287,-115.285839,3
Subway,36.1967273,-115.0304884,3
IHOP,36.09507984,-115.2967747,3
Jack in the Box,36.2607003,-115.1552817,3
Fatburger,36.1983604,-115.1929966,3
Mega Tom's Burgers,36.1971122,-115.1785325,3
Subway,36.2010561,-115.1917358,3
Wingstop,36.239289,-115.178994,3
Taco Bell,36.21736494,-115.1195597,3
Victory's Bar & Grill,36.23827866,-115.1192357,3
David Montes NY Pizzeria,36.2611589,-115.1803484,3
Rosati's Pizza,36.26403648,-115.1175779,3
Jasmine Express,36.2604501,-115.1539433,3
Kusina Ni Lorraine,36.2611004,-115.1841219,3
Vino's Ristorante & Deli,36.23813099,-115.1190076,3
Lumberjacks,36.2389291,-115.1556685,3
Rigos Taco,36.2096265,-115.1078306,3
Domino's Pizza,36.2529678,-115.1527173,3
Texas Station Gambling Hall & Hotel,36.19757317,-115.1926185,3
Chipotle Mexican Grill,36.2402631,-115.1161853,3
The Salted Lime,36.2919853,-115.1806678,3
Golden Phoenix Chinese Cuisine,36.27478545,-115.1183045,3
Millside,36.26407668,-115.1156994,3
Iron Skillet,36.27970544,-115.0261054,3
Jack In the Box,36.27571721,-115.1176292,3
Pasta Cucina,36.19814,-115.190924,3
Panda Express,36.19832463,-115.1929206,3
Nathan's Famous,36.29265981,-115.1791309,3
Burger King,36.2398552,-115.09526,3
Jack in the Box,36.275258,-115.117477,3
Medley Buffet,36.29222959,-115.1796673,3
Denny's,36.2013606,-115.1951158,3
Denny's,36.239636,-115.197826,3
Denny's,36.21828437,-115.1260221,3
Casa Cocina,36.23855,-115.1190877,3
Delucias Pizzeria,36.2747309,-115.1183087,3
Domino's Pizza,36.2878546,-115.1787577,3
Las Pupusas,36.23892408,-115.1546943,3
McDonald's,36.28159714,-115.1346054,3
Cracker Barrel Old Country Store,36.239644,-115.110675,3
China A Go Go,36.28569593,-115.1789734,3
Pollo Campero,36.23889661,-115.1560763,3
China Wok,36.237905,-115.181957,3
Subway,36.23892771,-115.1670535,3
Dairy Queen,36.2919853,-115.1806678,3
Capriotti's Sandwich Shop,36.288751,-115.178174,3
Panda Express,36.2389154,-115.1670925,3
Taco Bell,36.26204102,-115.178718,3
McDonald's,36.2366935,-115.168093,3
New China Cuisine,36.26024846,-115.1562764,3
Atandy's Pizza,36.2626372,-115.1794749,3
FARM,36.2919853,-115.1806678,3
Kabob Corner,36.2611589,-115.1803484,3
Outback Steakhouse,36.239083,-115.1775686,3
Sean Patrick's Irish Pub,36.2618693,-115.1841391,3
Roberto's Taco Shop,36.2745259,-115.1440982,3
Applebee's Neighborhood Grill & Bar,36.2390495,-115.1653214,3
IHOP,36.053696,-115.171556,3
Flight Deck Bar & Grill,36.0669136,-115.1708484,4
Divine Cafe at the Springs Preserve,36.1707065,-115.1902885,4
Miga Korean Bistro,36.1146002,-115.2252211,4
Raising Cane's,36.058716,-115.2433571,4
Raising Cane's,36.10051263,-115.1868803,4
Nobu,36.11674333,-115.1753682,4
Grimaldi's Pizzeria,36.05833386,-115.2433192,4
Kyara Japanese Tapas,36.0698514,-115.2249867,4
Fat Bar,36.1052677,-115.1724964,4
Pokeman,36.12613,-115.1891408,4
L&L Hawaiian Barbecue,36.1159009,-115.2263204,4
Waffles Cafe,36.27798369,-115.2869478,4
Blueberry Hill Family Restaurant,36.1161975,-115.092388,4
Greens and Proteins,36.0262317,-115.1192573,4
Violette's Vegan Organic Cafe & Juice Bar,36.1300289,-115.2777727,4
Voodoo Wing Company,36.2185398,-115.2431106,4
Daisho Sushi,36.055832,-115.120023,4
Shooters Bar & Grill,36.1439838,-115.0774281,4
Weera Thai Restaurant,36.143956,-115.1930886,4
Pisa Pizza,36.11431308,-115.1724348,4
Doh Korean BBQ,36.0447183,-115.2427053,4
The Sugar Corner,36.10069246,-115.1394494,4
Slidin Thru,36.071643,-115.176101,4
El Dorado Cantina,36.13491543,-115.175822,4
Pollo Inka Express,36.14453102,-115.1375459,4
Five Guys,36.196525,-115.2507281,4
Domino's Pizza,36.2982383,-115.2700183,4
HoneyBaked Ham,36.1583669,-115.2431523,4
Blue Ox East Restaurant & Lounge,36.1139613,-115.0909203,4
Fleming's Prime Steakhouse & Wine Bar,36.1584963,-115.2857479,4
Charlie's Cheesesteak Deli,36.12418595,-115.0747182,4
Cucina by Wolfgang Puck,36.10767672,-115.1750617,4
Chada Street,36.1261759,-115.1909378,4
Tacos La Mexicana,36.124897,-115.2791672,4
Rachel's Kitchen,36.080972,-115.135804,4
Park on Fremont,36.169326,-115.140097,4
Bouchon at the Venezia Tower,36.12095546,-115.1698532,4
The HideAway,36.22004453,-115.2123742,4
Shawarma Vegas,36.1433621,-115.2981119,4
Double Helix Wine & Whiskey Lounge,36.068132,-115.17776,4
Blue Sea Sushi and Izakaya,36.0428966,-115.1520552,4
Wendy's Noodle Cafe,36.12754745,-115.2252169,4
Market Grille Cafe,36.2892014,-115.2873343,4
PT's,36.1994962,-115.2838739,4
LaBella's Pizzeria,36.2806602,-115.2655826,4
Griddlecakes,36.0782601,-115.2985593,4
Estiatorio Milos,36.10939219,-115.173773,4
Five50 Pizza Bar,36.10651955,-115.1769565,4
Mint Indian Bistro,36.1126971,-115.2781721,4
Ninja Teriyaki - Sushi 2 Go,36.128595,-115.109267,4
Panini Cafe,36.1433621,-115.298112,4
Bouchon Bakery at the Venetian Casino,36.121774,-115.169229,4
Jean Philippe Patisserie,36.107727,-115.176986,4
Fausto's Mexican Grill,36.04601894,-115.2440145,4
The Den LV,36.099561,-115.30696,4
Cactus Jacks Saloon,35.996832,-115.137164,4
Fellini's Ristorante,36.14813295,-115.1557732,4
Ohana Hawaiian BBQ,36.04447754,-115.2440028,4
Saddle N Spurs Saloon,36.2023801,-115.2232141,4
Leoné Café,36.16699696,-115.2865248,4
Umiya Sushi,36.11499431,-115.2014029,4
King Solomon's Table,36.1148137,-115.2031568,4
Esmeralda's Cafe,36.1581927,-115.1406783,4
Siena Bistro,36.107854,-115.324773,4
Great Harvest Bread Company,36.1008766,-115.3147099,4
Javier's,36.10732541,-115.176579,4
The Barrymore,36.132034,-115.1626637,4
Tuscany Gardens,36.1133965,-115.1600873,4
Michael Mina,36.11199,-115.177001,4
Silverado Steakhouse,36.01249821,-115.1754201,4
Andrea's,36.126878,-115.165747,4
China Kitchen LV,36.1005371,-115.0741452,4
Tea Lounge,36.10620487,-115.1743503,4
Pieology Pizzeria,36.1022244,-115.1687556,4
Grinders Pizza Lounge,36.0865493,-115.2438663,4
Surang's Thai Kitchen,36.0897568,-115.297907,4
Tail and Fin,36.0106875,-115.1371278,4
Sushi Fever,36.14319843,-115.2644564,4
Odyssey Pizza,36.1613132,-115.1229132,4
La Casita De Doña Machi,36.14473343,-115.1183014,4
Sasa Sushi,36.21899007,-115.2582738,4
Port of Subs,36.1149704,-115.1645342,4
Firehouse Subs,36.19644395,-115.2509503,4
LuckyRice Night Market,36.10978887,-115.1741057,4
Grand Pizza,36.232623,-115.2432671,4
Fiesta Mexicana Las Vegas,36.1244409,-115.243702,4
Alizé,36.11447562,-115.1948297,4
Diamond Chinese Restaurant,36.1268091,-115.1766671,4
Rocco's Ny Pizza & Pasta,36.04326331,-115.150276,4
Forte European Tapas Bar and Bistro,36.112856,-115.242389,4
La Mojarra Loca,36.1782296,-115.0797986,4
Five Star Tavern,36.2399444,-115.2300782,4
Kopper Keg West,36.146289,-115.2438882,4
Carve,36.1079011,-115.0563724,4
Crazy Pita Rotisserie & Grill,36.06884627,-115.1782062,4
Casa Don Juan Mexican Restaurant,36.0723539,-115.0992807,4
Hash House A Go Go,36.11818069,-115.1715798,4
Chevron,36.05647112,-115.17178,4
Brio Tuscan Grille,36.1671901,-115.2855925,4
Luciano's,36.1272241,-115.1715512,4
Las Famosas de Jose,36.0996154,-115.1134551,4
Chicago Joe's,36.1609794,-115.1478447,4
Teriyaki Madness,36.26471626,-115.2580938,4
Hot N Juicy Crawfish,36.108458,-115.171203,4
Terrace Pointe Cafe,36.126212,-115.164514,4
Our Families Country Cafe,35.997073,-115.244096,4
Tae Heung Gak,36.12676942,-115.2420538,4
Fuku Burger,36.126649,-115.225307,4
Monta Ramen,36.1270336,-115.2096821,4
Mr. ChopStix,36.0763862,-115.2979663,4
CUT by Wolfgang Puck,36.123472,-115.168265,4
El Pollo Mobile,36.2033098,-115.242248,4
Legends Sports Bar & Grill,36.095174,-115.045194,4
Tetsu,36.1073485,-115.1765836,4
Dong Ting Spring,36.1165039,-115.2068875,4
Sakura Japanese Cuisine,36.1271919,-115.2414116,4
Winchell's Pub & Grill,36.05662439,-115.1636807,4
Asian Wok,36.28149012,-115.2676381,4
Del Taco,36.0808928,-115.1193526,4
Sicili's Pizza,36.1207999,-115.1513955,4
Losers Most Wanted Bar,36.1022507,-115.1699679,4
Border Grill,36.09006691,-115.1769729,4
Rick's Rollin Smoke BBQ & Tavern,36.161205,-115.145457,4
Yogi's Teriyaki,36.10139305,-115.298268,4
Beau Monde Bakery,36.2031099,-115.2602202,4
Aces & Ales,36.2111234,-115.2496893,4
Yama Sushi,36.11552045,-115.1349706,4
Kona Grill,36.12720677,-115.1688744,4
Los Tacos,36.1440859,-115.1943448,4
Firehouse Subs,36.10317427,-115.1377786,4
Istanbul Mediterranean,36.1143748,-115.172408,4
The Peppermill Restaurant & Fireside Lounge,36.13366733,-115.1630948,4
Andre's Bistro & Bar,36.076968,-115.298524,4
Secret Pizza,36.11237223,-115.1730639,4
Panevino Italian Grille,36.07082623,-115.162891,4
El Birotazo,36.1593088,-115.0823087,4
PhilHouse,36.01184145,-115.1530873,4
Pizza Company,36.0711094,-115.1211894,4
Stake Out Bar & Grill,36.1027088,-115.1363023,4
Tropical Smoothie Cafe - Excalibur,36.09856051,-115.1751852,4
Carding's Tambayan,36.1129254,-115.2243713,4
Yunnan Tasty Garden,36.1256933,-115.2112778,4
The Cracked Egg,36.15788227,-115.3134784,4
Bowlology,36.1609354,-115.3335366,4
Naked City Pizza Shop,36.130804,-115.198971,4
Tacos & Beer,36.11926,-115.154634,4
Settebello Pizzeria Napoletana,36.14726064,-115.2996586,4
Sushi Mon,36.01173165,-115.1359823,4
Shake Shack,36.10306126,-115.1734503,4
PDQ - Las Vegas: Sahara,36.1444632,-115.182113,4
Taco Y Taco,36.1010489,-115.0999655,4
Blue Ox Central,36.08005713,-115.1182481,4
Blue Ribbon - Las Vegas,36.1097544,-115.1738726,4
Broadway Pizzeria,36.1617046,-115.1734184,4
Luna Lounge,36.13121914,-115.1639979,4
Pinches Tacos,36.1679797,-115.1379889,4
Andiron Steak & Sea,36.152929,-115.333119,4
Cornerstone,36.11681081,-115.1939212,4
Tacos Los Toritos,36.1427591,-115.1351284,4
Jean Philippe Patisserie,36.11194592,-115.1768768,4
Port of Subs,36.08564777,-115.1194259,4
Sonio's Cafe,36.1593806,-115.1930038,4
Sunrise Casablanca,36.1597521,-115.0346388,4
Margaritaville Casino,36.1163474,-115.1723373,4
HEXX kitchen + bar,36.112279,-115.172397,4
Time-Out Sports Bar & Grill,36.1599831,-115.2252589,4
Subway,36.13284279,-115.1896319,4
Bottiglia Cucina & Enoteca,36.020696,-115.0901928,4
Grotto Ristorante,36.170349,-115.144946,4
Los Molcajetes,36.1879385,-115.1166005,4
Perk Up Coffee Shop,35.9829421,-115.1903878,4
Cheffinis Hot Dogs- THE CART,36.169116,-115.139599,4
Payless Pizza #2 and Ribs,36.0994932,-115.2201335,4
Chipotle Mexican Grill,36.1954224,-115.1190126,4
Little Pampanga Filipino Cuisine,36.08336379,-115.0340341,4
Fiamma Italian Kitchen,36.1022507,-115.1699679,4
Nove Italiano,36.114483,-115.194814,4
Port of Subs,36.19323563,-115.3041717,4
Omelet House,36.08272331,-115.031537,4
Piero's Italian Cuisine,36.1320061,-115.156035,4
BabyStacks Cafe,36.11363544,-115.2614379,4
Pellegrini Pizza,36.173035,-115.242761,4
Paris Baguette,36.1218691,-115.1696529,4
El Segundo Sol,36.12751224,-115.168869,4
Hikari,36.1129308,-115.2613745,4
Panda Bowl Chinese Restaurant,36.17396697,-115.1183161,4
Five Guys,36.11572161,-115.2990318,4
Thai Room,36.0990599,-115.1024835,4
McDonald's,36.1146625,-115.3082101,4
Baladie Café,36.24778871,-115.2096527,4
Arby's,36.1756647,-115.0625603,4
Hot N Juicy Crawfish,36.12659258,-115.206306,4
Aloha Specialties,36.1731487,-115.1449433,4
Chengdu Taste,36.1250583,-115.1923002,4
China AAA,36.0115778,-115.1381327,4
Ohana Hawaiian BBQ,36.0530574,-115.2798102,4
Algobertos,36.2973022,-115.2704506,4
Asmara Restaurant,36.1309039,-115.1960063,4
Fleur by Hubert Keller,36.09125341,-115.1768811,4
Off The Strip at the LINQ,36.117683,-115.171248,4
Raising Cane's,36.15859989,-115.2042446,4
Boulevard Bar & Grille,36.010762,-115.171766,4
Pho Kinh Do,36.1265983,-115.1977838,4
China Gourmet,36.14478759,-115.2949714,4
Manan Bakery,36.115024,-115.236638,4
Dim Sum Cafe,36.12175389,-115.3143929,4
Hearthstone Kitchen & Cellar,36.156348,-115.334471,4
Abyssinia Ethiopian Restaurant,36.10175056,-115.2053383,4
Thai Style Noodle House 2,36.0949947,-115.2982015,4
Anna Marie's Italian Cuisine,36.1016027,-115.3142208,4
Pasta Mia West,36.1147889,-115.2015722,4
L & L Hawaiian Barbecue,36.08393868,-115.2968804,4
Taco Bell,36.14356,-115.26095,4
Original Chicken Tender,36.09564965,-115.1763203,4
El Steak Burrito,36.12655678,-115.2038644,4
Sushi Bomb,36.21951124,-115.3255732,4
O'Aces Bar & Grill,36.0989014,-115.20846,4
Rachel's Kitchen,36.1699021,-115.1395318,4
VegeWay,36.04773124,-115.2250327,4
Chicago Brewing,36.17014405,-115.143369,4
Libertine Social,36.090754,-115.1766701,4
Los Compadres Meat Market,36.12296145,-115.2085036,4
BLACKOUT Dining in the Dark,36.119665,-115.19129,4
Chow Mein House,36.16021403,-115.321554,4
Lino's Pizzeria & Italian Cuisine,36.2744842,-115.2525559,4
Taco Tijuana,36.10020889,-115.1151449,4
Red Ribbon Bakeshop,36.11814117,-115.1359253,4
San Salvador Restaurant,36.2029769,-115.2412101,4
The Pint,36.1573134,-115.31363,4
Carefree Catering,36.221936,-115.1462928,4
Niu-Gu Restaurant,36.12651513,-115.224197,4
BJ's Restaurant & Brewhouse,36.159552,-115.331914,4
Casa Tlaquepaque,36.1742617,-115.0683852,4
Stephano's Greek & Mediterranean Grill,36.1049744,-115.1359993,4
Saborr,36.240912,-115.078765,4
Rat Pack Bar And Grill,36.12891388,-115.1250763,4
Mesa Grill,36.11712457,-115.1747927,4
Momofuku Las Vegas,36.109755,-115.173877,4
Marilyn's Cafe,36.11343671,-115.1595068,4
Lago,36.11337,-115.175143,4
Tacos El Jefe's,36.1586036,-115.2367146,4
Dakao Sandwiches,36.1261731,-115.2194123,4
Cheffini's Hot Dogs,36.16779872,-115.1382032,4
Cuba Cafe,36.1002598,-115.1251555,4
Ron's Grilled Barbeque and Kabobs,36.0782601,-115.2985593,4
Ohana Hawaiian Bbq,36.0555908,-115.1201353,4
Naka Sushi,36.19981634,-115.2792916,4
Sterling Brunch,36.113722,-115.169184,4
Bob's East Side Deli,36.0795826,-115.1109604,4
Capriotti's,36.18345211,-115.3098324,4
Bonsai Japanese Steak & Sushi,36.05565677,-115.2432623,4
Sushi Wabi,36.197453,-115.279707,4
Los Huicholes,36.1718896,-115.1157352,4
In-N-Out Burger,36.1174214,-115.1701669,4
Ori'Zaba's Scratch Mexican Grill,36.1155994,-115.102283,4
Harrie's Bagelmania,36.12141581,-115.1449451,4
Taqueria Los Pioneros,36.10197187,-115.0637698,4
Nacho Daddy Downtown,36.17030722,-115.1416113,4
Sporting Life Bar,36.048195,-115.224919,4
Portion Control,36.08445346,-115.2939735,4
Hanabi,36.147262,-115.2998714,4
SK Seafood Restaurant 勝記,36.12611589,-115.2180899,4
7th & Carson,36.16729341,-115.1392169,4
Ellis Island BBQ,36.11320716,-115.1633129,4
Village Pub & Poker,36.0708749,-115.1200613,4
Goldfinger's Bar & Grill,36.005924,-115.1389547,4
Squeeze In,36.02938062,-115.1151982,4
Tournament of Kings,36.099351,-115.175441,4
El Guanaco Restaurant,36.1302757,-115.1084305,4
Stripburger,36.127644,-115.168356,4
Julio's Tacos & Grill,36.11285901,-115.1634135,4
THE Steak House,36.137041,-115.164611,4
Frank & Fina's Cocina,36.1135548,-115.3073046,4
Thai Bistro,36.15956953,-115.2302977,4
Canyon Ranch Grill,36.12371932,-115.1677979,4
Bobby's Burger Palace,36.10583003,-115.173315,4
Therapy,36.16906579,-115.1398415,4
Ori'Zaba's Scratch Mexican Grill,36.1147228,-115.3062183,4
Olives,36.113933,-115.174139,4
Hitchin Post Saloon & Steakhouse,36.22317756,-115.0825648,4
Wildburger,36.193937,-115.191902,4
Brown Rice Thai Kitchen,36.19329144,-115.3040919,4
Garden Korean Restaurant,36.14189451,-115.1422736,4
Hash House A Go Go,36.144667,-115.239955,4
Bachi Burger,36.14690984,-115.300777,4
Bailiwick,36.10220867,-115.202485,4
California Pizza Kitchen,36.127512,-115.1735621,4
Snow White Cafe,36.1273078,-115.2243612,4
Yard House,36.068655,-115.177945,4
T-Bird Lounge & Restaurant,36.0565892,-115.2352479,4
Yum Cha,36.09970189,-115.2084732,4
Bahama Breeze,36.11509234,-115.1546846,4
Los Cucos Mexican Cafe,36.0618411,-115.2519912,4
Delhi Indian Cuisine,36.11616416,-115.1360921,4
In-N-Out Burger,36.1956632,-115.2465134,4
The Coffee Bean & Tea Leaf,36.14387465,-115.2948795,4
Stan Fulton Bistro,36.1146578,-115.1756607,4
Ramen KoBo,36.06046537,-115.2787486,4
SW Steakhouse,36.12616708,-115.1668137,4
Lucky Penny,36.11448328,-115.1948137,4
Starbucks,36.10118479,-115.1185167,4
Easy Life Boba Tea,36.1300289,-115.2777727,4
The Charcoal Room,36.1431918,-115.1750346,4
Capriotti's Sandwich Shop,36.01470796,-115.1713351,4
Badger Cafe,36.1000666,-115.1273475,4
Pop Up Pizza,36.1721756,-115.1468294,4
STK Las Vegas,36.10982947,-115.1736184,4
El Herradero Mexican Restaurant,36.0571445,-115.1286093,4
The Martini,36.1571926,-115.2930234,4
PT's,36.1965066,-115.2486868,4
SC Prime Steakhouse & Bar,36.1691108,-115.2913032,4
La Palapa,36.1871651,-115.1166748,4
Chamango,36.145865,-115.20639,4
Las Vegas Chinatown,36.125847,-115.196997,4
Chart House,36.17057868,-115.1445543,4
Snack Nook,36.1203829,-115.17132,4
Maui Rose Hawaiian BBQ,36.1452198,-115.1766512,4
Blaze Fast Fired Pizza,36.29119267,-115.2868289,4
Jackson's Bar & Grill,36.1153219,-115.2235825,4
The Melting Pot - Las Vegas,36.15942767,-115.2852436,4
Hamptons,36.1685706,-115.285162,4
Boca Do Brasil,36.1013396,-115.2982998,4
Arandas Taqueria,36.19695513,-115.0617587,4
Trattoria Reggiano,36.148739,-115.332717,4
Island Sushi & Grill,36.0182263,-115.1179256,4
Liang's Kitchen,36.1152757,-115.2176805,4
Beauty & Essex,36.110199,-115.175373,4
Social,36.11669657,-115.2029441,4
Curry Zen,36.04547243,-115.2440396,4
Above the Crust,36.2638786,-115.2659113,4
Mariscos El Puerto,36.193849,-115.2063675,4
Rainbow Kitchen,36.05144996,-115.2441147,4
Sinatra,36.129913,-115.165432,4
Sake Rok,36.10353175,-115.1749145,4
El Nopal Mexican Grill,36.21762843,-115.2083331,4
Casa Don Juan  - Summerlin,36.19145283,-115.2597752,4
Frijoles & Frescas Grilled Tacos,36.1594235,-115.2515385,4
Capriotti's Sandwich Shop,36.2744842,-115.2525559,4
Paradise Place Jamaican Cuisine,36.14330673,-115.2535477,4
Rocco's,36.1573862,-115.2627988,4
Sin City Sushi,36.0302193,-115.1353648,4
Porchlight Grille,36.130313,-115.274574,4
MadHouse Coffee,36.129857,-115.275526,4
Rubalcabas Taco Shop,36.1959255,-115.0603261,4
Kaizen Fusion Roll and Sushi,36.108898,-115.151261,4
Morton's The Steakhouse,36.114686,-115.1531337,4
Taqueria El Buen Pastor,36.15873445,-115.070327,4
Biwon Korean BBQ & Sushi Restaurant,36.1439175,-115.1789793,4
Anderson Air Mechanical,36.1685066,-115.1406797,4
Sushi Koma,36.11446812,-115.2810967,4
Benny's Smokin BBQ and Brews,36.1715475,-115.144279,4
Grimaldi's Pizzeria,36.12732416,-115.1727907,4
Vintner Grill,36.15943769,-115.3166287,4
Capriotti's Sandwich Shop,36.11703371,-115.0904043,4
Capriotti's Sandwich Shop,36.020555,-115.089966,4
Simon & Joe's Eatery,36.101527,-115.1892261,4
Great Links Brewhouse & Grill,36.23976728,-115.2259352,4
Eat Summerlin Proper,36.193162,-115.3041037,4
Bazaar Meat by José Andrés,36.14337209,-115.1570275,4
Kabob Grill,36.0146273,-115.117155,4
Greens & Grill,36.16165,-115.1740013,4
The Blind Pig,36.10738887,-115.1815901,4
Subway,36.0406189,-115.1174397,4
Mariscos El Pariente,36.115263,-115.226902,4
Mariscos Vallarta,36.099947,-115.077653,4
E-Jo Korean Restaurant,36.1442771,-115.145359,4
Culinary Dropout,36.109303,-115.15447,4
Windy City Beefs N Pizza,36.01249907,-115.1195256,4
New York Pizza Ribs & Wings,36.16011888,-115.2348516,4
Shawarma Plus,36.0711592,-115.2073851,4
Black Bear Diner,36.0502687,-115.1710527,4
Smith & Wollensky,36.1046486,-115.1727668,4
Island Malaysian Cuisine,36.125592,-115.211199,4
Nekter Juice Bar,36.14903664,-115.3335092,4
Chef Ching's Kitchen,36.12672464,-115.2262032,4
Distill - A Local Bar,36.006571,-115.20638,4
HoneyBaked Ham,36.27346776,-115.2683052,4
Eggslut,36.10949406,-115.173819,4
Fleming's Prime Steakhouse,36.06956753,-115.1737474,4
Dimas Tacos,36.254562,-115.2428805,4
Big Dog's Draft House,36.24241934,-115.2358108,4
Eclipse Theaters,36.16202397,-115.1484273,4
WTPho,36.02093,-115.269738,4
Blossom,36.10676312,-115.1770871,4
Beerhaus,36.10340739,-115.1746589,4
Casa Don Juan  - Downtown,36.157156,-115.1538305,4
Encore Players Lounge,36.1293177,-115.1652708,4
Carlitos Cuban Food,36.1413554,-115.1367974,4
Cherry Berries,36.14441298,-115.1186299,4
Frijoles & Frescas,36.13013738,-115.1158431,4
Veranda,36.09043541,-115.1742227,4
Capriotti's Sandwich Shop,36.1564004,-115.3335562,4
SlickMeals,36.079959,-115.279285,4
Sambalatte Torrefazione,36.16418023,-115.2896297,4
Nobu,36.10916361,-115.1534933,4
The Spot to Eat,36.0265481,-115.1835287,4
JINYA Ramen Bar,36.1158115,-115.2068476,4
Mediterranean Market,36.1257639,-115.2237888,4
Pizza My Dear,36.11520807,-115.2939914,4
Pieology Pizzeria,36.1148842,-115.1556042,4
The Charcoal Room,36.249345,-115.24265,4
Cutting Board Filipino Gastropub,36.19773299,-115.2470689,4
Gordon Ramsay Burger,36.110462,-115.172121,4
Downtown Terrace,36.16735704,-115.1388167,4
Verrazano Pizza,36.171328,-115.2448746,4
Shish Kabob House,36.1150698,-115.2366549,4
Fú Asian Kitchen,36.1089325,-115.1538315,4
Buldogis Unleashed Food Truck,36.1470835,-115.2982993,4
Pho Khong Ten,36.05544898,-115.2413509,4
Ramen Sora,36.126455,-115.201851,4
Noosh Bakery,36.11509838,-115.2309877,4
Omelet House Summerlin,36.20199044,-115.2831222,4
Las Vegas North Premium Outlets,36.16365076,-115.1577492,4
Margaritaville,36.117162,-115.172416,4
Rice n Noodle,36.0441239,-115.2429386,4
Buddy V's Ristorante,36.123406,-115.170188,4
Habaneros Taco Grill,36.1128812,-115.2974983,4
Jersey Mike's Subs,36.05611798,-115.2812256,4
The Backroom,36.11372815,-115.1523212,4
Baan Thai Restaurant,36.1261008,-115.211285,4
Cinnaholic,36.27164175,-115.2676488,4
Mingo Kitchen & Lounge,36.1598867,-115.1520224,4
Port of Subs,36.0794089,-115.2980311,4
Capriotti's Sandwich Shop,36.1441292,-115.1614606,4
Pizza Rock,36.17161811,-115.1422671,4
Trattoria Reggiano,36.121929,-115.168416,4
Las Islitas,36.1442831,-115.0625726,4
Top of the World,36.147408,-115.155726,4
Sicilian Ristorante,36.10033606,-115.0991612,4
Kopper Keg Restaurant & Lounge,36.1003637,-115.0746097,4
Mario's Westside Market,36.1949407,-115.1603549,4
Oyster Bar,36.1193098,-115.1717702,4
Super Burrito,36.15185653,-115.1515953,4
Chickpeas Mediterranean Cafe,36.1162314,-115.2253751,4
Go Vegan Cafe,36.0820518,-115.2432648,4
The Cracked Egg,36.07204557,-115.2435014,4
Teriyaki Madness,36.0564145,-115.2781678,4
Le Pho Vietnamese Kitchen,36.164213,-115.14664,4
Wienerschnitzel,36.197292,-115.2473946,4
The View Cafe,36.2156427,-115.2489061,4
Pho Bistro,36.1139613,-115.0909203,4
Rocco's NY Pizzeria,36.16122701,-115.3329908,4
Breakfast & Grill Cafe,36.1067927,-115.1364724,4
Kopper Keg South,36.0290393,-115.1193516,4
Kabuki Japanese Restaurant,36.0675358,-115.177972,4
Tail and Fin,36.193162,-115.3041037,4
Jackpot Bar & Grill,36.1106107,-115.2074609,4
Fresh Kabob,36.07146268,-115.1341723,4
Khoury's Mediterranean Restaurant,36.1475888,-115.2991698,4
Blue Ribbon Fried Chicken - Grand Bazaar,36.1141451,-115.1719886,4
China Gourmet,36.14271809,-115.0661981,4
Parsley Modern Mediterranean,36.072381,-115.100413,4
Jason's Deli,36.1742769,-115.147894,4
Port of Subs,36.08468228,-115.2085028,4
China Roll,36.128593,-115.0643775,4
Timbers Sunset,36.071908,-115.107697,4
China Dragon,36.08178518,-115.119441,4
Fogo de Chão Brazilian Steakhouse,36.1515318,-115.3330157,4
Crazy Pita Rotisserie & Grill,36.14817497,-115.3329395,4
Tacos El Compita,36.1745949,-115.2608499,4
Distill - A Local Bar,36.2777832,-115.2863335,4
My Mother's House Italian Restaurant,36.2116994,-115.298321,4
Crêpe Station,36.15941171,-115.2046195,4
The Olive Mediterranean Grill,36.07184399,-115.0903923,4
The Hush Puppy,36.15852861,-115.2502906,4
Arata Sushi & Bowl,36.219859,-115.250331,4
The Palm Las Vegas,36.11900404,-115.1757611,4
Barcelona Tapas,35.995072,-115.206057,4
Urban Turban,36.11890936,-115.154332,4
The Boiling Crab,36.11712817,-115.2085109,4
Maggiano's Little Italy,36.127783,-115.168968,4
Port of Subs,36.115014,-115.279609,4
Top of Binion's Steakhouse,36.171235,-115.144061,4
Gallagher's Steakhouse,36.102645,-115.174534,4
Rolling in Dough Cafe,36.1434756,-115.2513315,4
Jjanga Japanese Restaurant,36.1235575,-115.2075378,4
Smokilicious Bar-B-Q,36.1642129,-115.137026,4
Lakes Lounge,36.1384195,-115.2842541,4
Carl's Jr Restaurants,36.1448007,-115.1927803,4
Divine Eatery,36.29145709,-115.3158073,4
Cafe Verde Rebel,36.0109224,-115.1205456,4
Cafe Summer,36.04406821,-115.2444228,4
The Henry,36.1097544,-115.1738726,4
Stir Krazy Mongolian Grill,36.0785398,-115.1025225,4
South Point Hot Dog Cart,36.01071941,-115.1748849,4
Pub 365,36.113105,-115.160233,4
No Regrets Bar,36.0668534,-115.2727308,4
Chop Chop Wok,36.2182774,-115.2441929,4
Jimmy John's,36.1674946,-115.148789,4
Mad House Coffee,36.0280676,-115.1189137,4
AquaKnox,36.12300032,-115.1690718,4
Rocky's Bar and Grill,36.0347089,-115.1354355,4
Delmonico Steakhouse,36.123183,-115.16919,4
Thai Cuisine,36.1739883,-115.0622629,4
Onion Steak Sub,36.22166625,-115.3290244,4
New York Pizza & Pasta,36.14520042,-115.2244542,4
Pho Bosa,36.12240497,-115.1909584,4
Hacienda Del Rey,36.13884,-115.137903,4
The Lobby Bar,36.10748019,-115.169361,4
Magura,36.13023954,-115.1031717,4
In-N-Out Burger,36.1013195,-115.1821862,4
The Protein Source,36.06003776,-115.2782348,4
Pin-Up Pizza,36.109496,-115.172363,4
Playas De Cancun,36.1587529,-115.0971613,4
Korea Town Plaza Food Court,36.12689968,-115.2413651,4
Hot N Juicy Crawfish,36.0144589,-115.1179994,4
In-N-Out Burger,36.2652651,-115.2570317,4
Smashburger,36.0176169,-115.1182313,4
Grand Sign Kitchen,36.05273698,-115.2425867,4
The Protein Source,36.1131435,-115.3060614,4
El Manantial Restaurant,36.18307791,-115.1807076,4
Bandito Latin Kitchen & Cantina,36.115316,-115.158502,4
Nacho Daddy,36.10808576,-115.1711109,4
Saffron Flavors of India,36.24172,-115.250134,4
China A Go Go,36.2203867,-115.3254555,4
La Flor Es Michoacan,36.1131093,-115.1201454,4
Suns Beef Jerky Pecos,36.072165,-115.1015693,4
Downtown Container Park,36.1679797,-115.1379889,4
Juke N Java,36.143292,-115.108703,4
Lazeez,36.1300289,-115.2777727,4
Teriyaki Madness,36.1440925,-115.2069467,4
Firehouse Subs,36.01614534,-115.1194084,4
Macayo Vegas,36.1592347,-115.1262515,4
Pho 90,36.12600812,-115.198455,4
La Flor De Michoacan Restaurant,36.1955918,-115.04046,4
Ocha Thai Cuisine,36.1566742,-115.1484497,4
Oscar's Steakhouse,36.17183519,-115.1465996,4
Prince Restaurant,36.1140838,-115.2408921,4
Taco Bell,36.11572591,-115.2071791,4
W Mart,36.14095357,-115.1420074,4
Cañonita,36.121876,-115.168764,4
Stephano's Greek & Mediterranean Grill,36.0771893,-115.2985719,4
Firehouse Subs,36.15793228,-115.3133496,4
Grand Lux Cafe,36.12186027,-115.1689449,4
Jimmy John's,36.10271399,-115.1361602,4
Mon Ami Gabi,36.11282706,-115.1725815,4
El Pollo Loco,36.158506,-115.0875068,4
Marco's Pizza,36.014137,-115.15498,4
Salvadoreno Restaurant,36.1795621,-115.1407139,4
Table 34,36.0574506,-115.1494487,4
Tina's Filipino Cuisine,36.04888424,-115.2244692,4
Subway,36.15882363,-115.3172266,4
Ohjah Japanese Steakhouse Sushi & Hibachi,36.03340548,-115.208426,4
NM Café,36.1272241,-115.1715512,4
Pho Kitchen,36.1235575,-115.2075378,4
SUSHISAMBA - Las Vegas,36.1245819,-115.1675529,4
Vitality Bowls,36.0335909,-115.2074708,4
Thai Pepper,36.14453875,-115.1551743,4
Gold Spike,36.1713078,-115.1402675,4
Desi Burrito,36.1150593,-115.1487308,4
China Hot Wok,36.23926276,-115.2492713,4
Tacos El Gordo,36.13159421,-115.1647668,4
Firehouse Subs,36.14702322,-115.064922,4
ENVY The Steakhouse,36.12740671,-115.1544676,4
Rx Boiler Room,36.09358491,-115.1758973,4
The Habit Burger Grill,36.0334485,-115.2070141,4
The Cheesecake Factory,36.1173432,-115.1763623,4
50's Diner Omelet House,36.12999399,-115.1075549,4
Grimaldi's Pizzeria,36.16409898,-115.2897277,4
Osaka Japanese Bistro,36.143962,-115.196995,4
BabyStacks Cafe,36.20414506,-115.2602309,4
Sushi Twister,36.100622,-115.052917,4
Viva Mercado's Mexican Bar & Grill,36.1455404,-115.3007591,4
Hot N Juicy Crawfish,36.12621721,-115.1913501,4
Grimaldi's Pizzeria,36.0153892,-115.1195612,4
Afandi Restaurant and Market,36.1587759,-115.2095739,4
Volcano Grille,36.0580926,-115.2783844,4
Lima Limon,36.171017,-115.207055,4
Cevicheria El Diamante,36.0998451,-115.1171842,4
Lindo Michoacan,36.1293621,-115.1135114,4
Gyro Time Restaurant,36.15886192,-115.2125563,4
Charlie Palmer Steak,36.0909158,-115.1737761,4
Stack Restaurant & Bar,36.12171039,-115.1741891,4
Valerio's Tropical Bake Shop,36.1182191,-115.1357269,4
Villa Pizza Durango,36.128132,-115.279908,4
Black Bear Diner,36.10028141,-115.2274583,4
Raising Cane's,36.1149831,-115.1397985,4
Pamplemousse Le Restaurant,36.144096,-115.152417,4
Krung Thai Restaurant,36.1145279,-115.2076743,4
The Phoenix Kitchen,36.1440692,-115.1976272,4
Satay Thai Bistro & Bar,36.11819941,-115.1542528,4
Ron's Market Eastern European Meat & Deli,36.0789703,-115.298266,4
Capriotti's Sandwich Shop,36.108898,-115.151261,4
Four Kegs Sports Bar,36.17590369,-115.2232618,4
Searsucker,36.116894,-115.174306,4
Maggiano's Little Italy,36.15089276,-115.3321446,4
Verrazano Pizza,36.0410492,-115.12081,4
Earl of Sandwich,36.1143517,-115.1961847,4
Rollin' Smoke BBQ,36.1146528,-115.309789,4
Paymon's Mediterranean Cafe & Lounge,36.1136516,-115.1383819,4
Sun's Thai Food & Jerky,36.23800926,-115.2102986,4
Ruth's Chris Steak House,36.11957566,-115.1721972,4
Dom DeMarco's Pizzeria & Bar,36.15782246,-115.3112019,4
Grand Lux Cafe,36.121822,-115.168855,4
Rí Rá Irish Pub,36.093715,-115.176623,4
Mary's Hash House,36.142094,-115.209418,4
Topgolf,36.10599603,-115.1647223,4
Village Pub & Poker,36.0343529,-115.1191623,4
District One,36.1274286,-115.2240719,4
China Gourmet,36.126426,-115.211517,4
The Bootlegger Italian Bistro,36.04899216,-115.1715393,4
Brio Tuscan Grille,36.06815239,-115.1759299,4
Leticia's Mexican Cocina,36.29887519,-115.2800882,4
The Bagel Cafe,36.1759103,-115.260485,4
Pin Kaow Thai Restaurant,36.195393,-115.241323,4
Brando's Sportsbar,36.0384623,-115.1935023,4
Petrossian Bar,36.11284733,-115.1758146,4
Firehouse Subs,36.0819824,-115.1196025,4
Farm Basket,36.1594218,-115.2250915,4
Carmine's Italian Restaurant - Las Vegas,36.11932095,-115.1752004,4
Pinches Tacos,36.0845762,-115.2932145,4
Home Plate Grill & Bar,36.0572932,-115.1755613,4
Greens and Proteins,36.16387257,-115.1458771,4
Albo Pizza,36.1526622,-115.151824,4
Peace Ethiopian Market & Cafe,36.11605296,-115.207261,4
Sahara Korean Restaurant,36.143672,-115.1409598,4
USS Fish N Chips,36.2185836,-115.0927582,4
La Parrilla The Lab,36.11411601,-115.1149328,4
Hometown Eats,36.08598903,-115.1014697,4
Village Pub & Poker,36.050869,-115.2441452,4
Lucy Ethiopian Restaurant & Bar,36.11702805,-115.2069763,4
Straight From Philly Steakout,36.1587759,-115.2095739,4
Biên Hòa,36.12625212,-115.2177887,4
Pita +,36.1072672,-115.1719204,4
Those Guys Pies,36.1385152,-115.2843553,4
Chinese New Year Celebration,36.125722,-115.196053,4
Protein House,36.01605207,-115.1195172,4
Subway,36.0999048,-115.1203741,4
Los Antojos,36.1438534,-115.1180773,4
Portofino by Chef Michael LaPlaca,36.121305,-115.175582,4
Bachi Burger,36.04279791,-115.153225,4
Backstage Deli,36.09496641,-115.1769688,4
Fiddlestix,36.1710588,-115.1399349,4
The Sparklings,36.0373842,-115.2429489,4
Sushi 21,36.0994204,-115.2089924,4
Eat.,36.166723,-115.13894,4
The Cracked Egg,36.218696,-115.261735,4
Design & Dine,36.2156072,-115.2439415,4
Wolfgang Puck Bar & Grill Las Vegas,36.102543,-115.169884,4
Freed's Bakery,36.01099824,-115.119958,4
Scarpetta,36.11024058,-115.1742885,4
Thai Style Noodle House,36.20158661,-115.2817816,4
Primarily Prime Rib Restaurant,36.0116878,-115.1757977,4
Raising Cane's,36.0524764,-115.1715067,4
House of Blues Restaurant & Bar,36.0908614,-115.1750272,4
In-N-Out Burger,36.1448187,-115.1805851,4
Da Lat,36.11506608,-115.2031198,4
Musashi Japanese Steakhouse,36.1181114,-115.1542209,4
Cinnamon's,36.18077431,-115.2589744,4
YuXiang Korean Chinese Cuisine,36.0477187,-115.2441948,4
Pizza My Dear,36.05730087,-115.1283009,4
Lazy Dog Restaurant & Bar,36.07014648,-115.1738563,4
La Bocce,36.0577191,-115.1582446,4
Panna Thai Restaurant,36.0789362,-115.2985524,4
The Lodge Coffee House & Tavern,36.0842838,-115.2798544,4
Bacchanal Buffet,36.116113,-115.176222,4
Prime,36.113596,-115.174923,4
Thai St Cafe,36.132775,-115.172881,4
Great Wall Chinese Restaurant,36.15926015,-115.1719977,4
Fun Tacos,36.1462034,-115.2426543,4
Five Guys,36.0520667,-115.1715235,4
Shish Kabob House,36.0211192,-115.1190908,4
Lola's A Louisiana Kitchen,36.183143,-115.308819,4
Jumping Rice & Rolls,36.11573233,-115.2986117,4
Lulu's Bread & Breakfast,36.28350067,-115.2698822,4
Giordanos - Las Vegas,36.11401919,-115.1720078,4
Patty's Tamales,36.1438977,-115.0641216,4
Rilibertos Fresh Mexican Food,36.1732944,-115.0618236,4
The Noodle Man,36.06349705,-115.2417328,4
Raising Cane's,36.2649844,-115.2566817,4
Mr G's Pub & Grub,36.1290404,-115.0912939,4
Steiner's A Nevada Style Pub,36.04078042,-115.1716517,4
YasikNara,36.125883,-115.203712,4
Julian Serrano Tapas,36.10833062,-115.1758075,4
Los Tacos,36.1584563,-115.1275613,4
Rise & Shine a Steak & Egg Place,36.1142829,-115.3064409,4
Charlie's Down Under,36.1950655,-115.2596746,4
Spago by Wolfgang Puck,36.118831,-115.175638,4
Plantone's Italian Market,36.0560801,-115.2808739,4
Habaneros Taco Grill 2,36.17930585,-115.2419164,4
Rubio's,36.144951,-115.298961,4
Pearl Ocean,36.1440868,-115.1608924,4
Port of Subs,36.021123,-115.119086,4
La Belle Terre Bread French Bakery Café,36.1443811,-115.2742995,4
Ichabod's Lounge,36.11668407,-115.1035893,4
Holsteins Shakes and Buns,36.109842,-115.174603,4
Mastrioni's,36.1291519,-115.3145487,4
Lotus of Siam,36.14345,-115.14278,4
Papa Murphy's,36.10083433,-115.3146554,4
Capo's Italian Cuisine,36.143974,-115.219248,4
Mountain View Plaza,36.12702019,-115.2245085,4
Teriyaki Boy Healthy Grill,36.0554138,-115.2414854,4
Sunnys Chicken & Fish,36.1801633,-115.0799247,4
India Masala,36.1272241,-115.1715512,4
Starbucks,36.19351222,-115.3058122,4
Archi's Thai Bistro,36.07320649,-115.2435382,4
Greens and Proteins,36.07262265,-115.2435128,4
Grape Vine Cafe,36.19459476,-115.2587036,4
California Pizza Kitchen,36.103226,-115.175223,4
Wing King,36.11244029,-115.2983602,4
Old Homestead Steakhouse,36.11692218,-115.175011,4
Cili,36.08312984,-115.1753654,4
Tableau,36.12588338,-115.1651455,4
Love's,36.38174961,-114.8960276,4
Mariscos El Dorado,36.15914816,-115.1208036,4
Freddy's Frozen Custard & Steakburgers,36.01107788,-115.1193237,4
Metro Pizza,36.1003454,-115.1342997,4
La Costa Restaurant,36.127192,-115.144873,4
Tom Colicchio's Craftsteak,36.102642,-115.1686254,4
Putter's Bar & Grill,36.0277338,-115.1731689,4
Bowlology,36.127894,-115.314555,4
Roma Deli II and Wine Shop,36.1445144,-115.277522,4
Sushi Roku,36.118966,-115.17305,4
Rum Runner,36.13043872,-115.1076337,4
Second Street Grill,36.1707639,-115.1435262,4
Food Express Chinese Restaurant,36.1497949,-115.2075998,4
Il Mulino New York,36.119468,-115.173077,4
Sports Book Grill,36.09233893,-115.1746842,4
The Bar @ Tropicana & Durango,36.1032073,-115.2794948,4
MAMAOH,36.03166473,-115.2442965,4
Red Gate Wok,36.1263809,-115.2416794,4
Earl of Sandwich,36.14921875,-115.3331178,4
Sagos Baja Tavern & Lounge,36.1020213,-115.2967084,4
Novecento Pizzeria,36.264773,-115.257968,4
Greenland Supermarket,36.127061,-115.241457,4
Russo's Pizza Kitchen,36.09892272,-115.2424022,4
Patisserie Manon,36.15759113,-115.2856577,4
King & I,36.138984,-115.284115,4
Cafe Gelato,36.11376607,-115.1774025,4
Ramen Noodle,36.2210742,-115.3285773,4
Komol Restaurant,36.14248752,-115.1425948,4
Thai Style Noodle House,36.1258871,-115.1944248,4
Bonjour Bakery & Deli,36.1161569,-115.2418002,4
Apache Taco Shop,36.1433621,-115.2981119,4
Asian BBQ & Noodle,36.12783955,-115.2241617,4
Fat Choy,36.1434734,-115.1468836,4
Panacea,36.1643423,-115.2897075,4
The Plate Bar & Grill,36.145207,-115.082148,4
Kiton Kitchen,36.1446274,-115.2416945,4
Is Sweet,36.1265291,-115.2132639,4
Harvest Cafe,36.23764784,-115.2091931,4
Amore Taste of Chicago,36.1191125,-115.2797333,4
Geisha House Steak & Sushi,36.1296013,-115.0927902,4
Ron's Steakhouse,36.163438,-115.207179,4
Sushi Tower & Steakhouse,36.1145538,-115.3075865,4
Roma Pizza,36.1008878,-115.0792238,4
Subway,36.1690649,-115.1388963,4
Redwood Steakhouse,36.1730819,-115.1449056,4
Cue-D's Billiards,36.1273078,-115.2243612,4
Galanga Thai Eatery,36.0406419,-115.1706429,4
WuHu Noodle,36.0412834,-115.1833103,4
Gordon Ramsay Fish & Chips,36.117337,-115.171803,4
Capriotti's Sandwich Shop,36.114935,-115.209737,4
Sekushi Japanese Restaurant,36.1123576,-115.1702213,4
Pinot Brasserie Bakery,36.1220839,-115.1680316,4
Truffles N Bacon Cafe,36.027835,-115.11599,4
Jason's Deli,36.1178702,-115.1367955,4
Las Vegas Mela - Indian Food and Cultural Festival,36.1639607,-115.1545244,4
Philly Cheesesteak Factory,36.0787044,-115.1015883,4
El Katracho Restaurant,36.1094195,-115.2617449,4
Cuban Sylvain Bakery,36.1002675,-115.1162912,4
Eiffel Tower,36.112477,-115.172189,4
Grimaldi's Pizzeria,36.12487673,-115.169034,4
Hard Hat Lounge,36.1511093,-115.159878,4
Market Grille Cafe,36.195285,-115.24816,4
Gordon Ramsay Steak,36.11233777,-115.1716961,4
CJ's Italian Ice & Custard,36.1250824,-115.279539,4
Tommy Bahama Restaurant | Bar | Store - Las Vegas,36.06849693,-115.1769306,4
Rani's World Foods,36.1435825,-115.2014156,4
Sakana,36.11715077,-115.1384369,4
Brooksy's Bar & Grill,36.11439,-115.294264,4
BLT Steak,36.113669,-115.168933,4
Cafe 6,36.113907,-115.198771,4
Zenshin Asian Restaurant,36.01062901,-115.1749029,4
Mercato Della Pescheria,36.122676,-115.168935,4
Nine Fine Irishmen,36.10198176,-115.1738419,4
Hokaido Sushi,36.0789703,-115.298266,4
La Reyna Mexican Restaurant & Mariscos,36.17617,-115.0630157,4
Golden Flower Chinese Cuisine,36.0856861,-115.1037793,4
Herringbone,36.1073485,-115.1765836,4
Bingo at South Point,36.01088328,-115.1758683,4
Sage,36.10819232,-115.1760135,4
Mulligan's Border Bar & Grill,36.027649,-115.1357535,4
Rustica Pizzeria,36.1003949,-115.3047985,4
Le Thai,36.16880181,-115.1398801,4
Twin Creeks,36.04191453,-115.1834365,4
Bonito Michoacan,36.1221978,-115.2089027,4
M&M Soul Food Cafe,36.15880562,-115.1931095,4
Granny's Kitchen,36.1290092,-115.1376893,4
Aurelio's Pizza,36.2396728,-115.2259534,4
Mizumi,36.12695897,-115.1672248,4
The Water Factory,36.18759918,-115.2253113,4
Foundation Room,36.0918639,-115.1751614,4
Espression Cafe,36.16723323,-115.1461412,4
Sammy's Woodfired Pizza and Grill,36.063237,-115.252315,4
Via Brasil Steakhouse,36.15689836,-115.2919117,4
Auntie Anne's,36.09909768,-115.1753686,4
Benihana,36.12690347,-115.1689548,4
India Palace,36.121237,-115.151852,4
Hi Scores - Blue Diamond,36.032975,-115.2056239,4
Gianna's Pizza,36.145727,-115.1903294,4
Triple George Grill,36.1718195,-115.1423041,4
Harvest by Roy Ellamar,36.110867,-115.177622,4
Dough Doughs Hawaiian Cafe & Malasadas,36.1636547,-115.151621,4
Boba Hut,36.087483,-115.243782,4
Mr Poké Bowls & Rolls,36.1481287,-115.2426539,4
Ely's Restaurant,36.09888423,-115.1163826,4
Hokkaido Teppanyaki Steak House,36.1248839,-115.3250841,4
Firehouse Subs,36.0786511,-115.2417425,4
Krayvings,36.15933469,-115.3515271,4
Palio,36.1131897,-115.1774445,4
Costco Food Court,36.16298236,-115.3329419,4
Blaze Fast-Fire'd Pizza,36.145378,-115.3135034,4
The Phoenix Bar & Lounge,36.1439891,-115.1976095,4
Umami Burger -  SLS Las Vegas,36.1427564,-115.1578748,4
Rose. Rabbit. Lie,36.10978763,-115.1767297,4
Rivea,36.092821,-115.176927,4
The Hush Puppy,36.192963,-115.06171,4
Huntridge Pharmacy,36.1588681,-115.137619,4
The Cuppa,36.08442853,-115.2941454,4
Stoned N Baked,36.1679797,-115.1379889,4
Sambalatte,36.06982152,-115.2248722,4
Poke Addiction,36.19685854,-115.2491552,4
Winchell's Donut House,36.1282146,-115.2253088,4
Illumilatte Brew Society,36.08450091,-115.2413614,4
Lawry's The Prime Rib,36.1151617,-115.1597903,4
Blueberry Hill Family Restaurant,36.1142203,-115.1327808,4
Prommares Thai Food,36.14505306,-115.2328381,4
Yard House,36.15679595,-115.3343868,4
Familia Pizzeria,36.042461,-115.2782,4
Indian Curry House,36.1256933,-115.2112778,4
Barcelona Tapas Restaurant,36.14370884,-115.1695981,4
Mob Bar,36.17214416,-115.1414131,4
Golden Steer Steakhouse,36.1440928,-115.1611434,4
Noodle King,36.1452108,-115.2412705,4
Babystacks Cafe,36.0209186,-115.2673009,4
Moko Ramen Bar,36.15957623,-115.2330893,4
Lazy Dog Restaurant & Bar,36.15283146,-115.3338668,4
Lilly's Thai & Vietnamese Restaurant,36.12993022,-115.2758996,4
Rubio's,36.02075794,-115.1191669,4
Vegas Pink Hummer Limo,36.0811324,-115.1907753,4
Cool Bar,36.127655,-115.1979112,4
Wine Cellar & Tasting Room,36.11691472,-115.1862675,4
Starbucks,36.1757303,-115.2910289,4
bin 702,36.167575,-115.138596,4
Rebel Republic,36.14570651,-115.1883038,4
Big Wong Restaurant,36.126663,-115.20992,4
Pho Vegas,36.1440036,-115.1987143,4
Village Pub & Poker,36.0008248,-115.1544012,4
Ichiza,36.125908,-115.197904,4
Ohana Hawaiian BBQ,36.0387056,-115.1986027,4
Sammy's Woodfired Pizza and Grill,36.14446905,-115.236672,4
Aloha Kitchen,36.1592832,-115.078231,4
Chao Thai Restaurant,36.1067926,-115.1364723,4
Carbone,36.107199,-115.176987,4
Libre Mexican Cantina,36.1569658,-115.3335939,4
Soyo Korean Barstaurant,36.04680238,-115.2441707,4
Yukon Grille,36.1241977,-115.0758045,4
Pho Thien Huong,36.1271973,-115.2413372,4
Raising Cane's,36.269717,-115.207249,4
Café To Go,36.1163474,-115.1723373,4
Cookie's BBQ,36.14110845,-115.1436063,4
Thai D Togo,36.12277518,-115.144583,4
Bahía Centroamerica Restaurant,36.159578,-115.208656,4
The Tap House,36.1588017,-115.2182327,4
Antojos la Güera Mexican Grill,36.12923481,-115.0925605,4
Herbs & Rye,36.14392422,-115.1917273,4
Pot Tea Social House,36.04637163,-115.2435887,4
Ice Land Vegas,36.16036,-115.289683,4
Rise & Shine - A Steak & Egg Place,35.9949501,-115.2062178,4
Little Tony's,36.1427819,-115.1747468,4
Buffet of Buffets,36.11789821,-115.1749598,4
Teriyaki Madness,36.1955672,-115.2567877,4
Taste,36.04439434,-115.243879,4
McMullan's Irish Pub,36.1016609,-115.2042887,4
In-N-Out Burger,36.1608412,-115.0627204,4
Red Square Restaurant & Vodka Lounge,36.09278851,-115.1761563,4
Ichi Ramen House,36.2715522,-115.2676311,4
BF Sushi,36.0724699,-115.243565,4
Rush Hour Tavern,36.07063605,-115.0876811,4
StripSteak,36.0911934,-115.1765744,4
La Palma Market,36.15962,-115.2425364,4
Maza Mediterranean Grill & Lounge,36.14255733,-115.2423816,4
The Broiler,36.1337103,-115.0850568,4
Coco's Bakery Restaurant,36.1003585,-115.1652072,4
La Mojarra Loca Grill,36.13783522,-115.1372932,4
Pho Aimie,36.0360346,-115.2429957,4
Strip House Steak House,36.11055133,-115.1719025,4
Border Food Juarez-El Paso,36.16987163,-115.1156452,4
Primrose,36.1050207,-115.1735947,4
Hakkasan Restaurant,36.101422,-115.172448,4
Firehouse Subs,36.1584067,-115.2053419,4
Mountain View Bistro,36.2199019,-115.2504833,4
Tasty Grill,36.1144314,-115.2781167,4
Burger Bar,36.09446,-115.176113,4
Schlotzsky's,36.1587104,-115.2092058,4
OTORO Robata Grill & Sushi,36.1206015,-115.1768382,4
Alder & Birch,36.10256274,-115.2011897,4
El Dorado Express,36.1057671,-115.1722251,4
Primeburger,36.1225497,-115.1687096,4
MR Wings,36.119211,-115.064482,4
Torrey Pines Pub,36.1959297,-115.2324529,4
India Masala Bar & Grill,36.115142,-115.141869,4
Bowlology,36.2635452,-115.257192,4
Chip Off The Block Deli,36.2779368,-115.2864928,4
Great American  Pub,36.02024971,-115.1169356,4
El Patio Catering,36.08088423,-115.1474047,4
Yanni's Gyros,36.0119105,-115.1361159,4
Curbside Cafe,36.162984,-115.15924,4
Gyu-Kaku Japanese BBQ,36.12524269,-115.2076197,4
Ferraro's Italian Restaurant & Wine Bar,36.10919834,-115.1519554,4
Sharky's Woodfired Mexican Grill,36.15779244,-115.2906114,4
Blue Fin Sushi & Roll,36.0715,-115.0884104,4
Yard House,36.11754166,-115.1686615,4
Made in Argentina,36.0958266,-115.1892829,4
Veggie Delight,36.1260132,-115.1944708,4
Mint Indian Bistro,36.1151246,-115.1480267,4
Ondori Asian Kitchen,36.1027192,-115.201984,4
MOzen Bistro,36.1062631,-115.1742864,4
Teriyaki Madness,36.03350071,-115.2074654,4
Vickie's Diner,36.150704,-115.15304,4
Full House BBQ,36.0101637,-115.1352309,4
Greenberg's Deli,36.1022287,-115.1745851,4
Lola's A Louisana Kitchen,36.158293,-115.1579886,4
The Fat Greek,36.1172631,-115.2099329,4
Pho Saigon 8,36.0628089,-115.2414903,4
Carlitos Cuban Food,36.1752776,-115.2064866,4
Capriotti's Sandwich Shop,36.15963403,-115.2327211,4
Las Pupusas,36.1020657,-115.1178357,4
Spaghetty Western,35.99515465,-115.2063506,4
Baskin Robbins,36.1005917,-115.1172961,4
Rainbow's End Natural Foods,36.144583,-115.139501,4
Cafe Verdi Rebel,36.0985176,-115.2967111,4
MB Steak,36.1100828,-115.1538714,4
LOL Kids Club,36.0535142,-115.2429917,4
Jin's Club,36.1273078,-115.2243612,4
Lallys Island Soul Cafe,36.239713,-115.063694,4
Phat Phrank's,36.0725409,-115.2070455,4
Motor City Cafe,36.1152094,-115.1532096,4
OMG Sushi,36.2029786,-115.2429257,4
Hot Dog On A Stick,36.1252617,-115.1371761,4
Fukumimi Ramen,36.1005917,-115.1172961,4
La Cave Wine and Food Hideaway,36.129868,-115.164896,4
Mezzo Bistro and Wine,36.2371621,-115.2312022,4
Franklin,36.09201595,-115.1767398,4
Ding's Garden,36.12737195,-115.2260123,4
OMG Pizza,36.1434763,-115.1873789,4
Axum Ethiopian,36.122658,-115.1449902,4
Philly Steak Express,36.0946251,-115.297747,4
Honey Salt,36.160577,-115.292996,4
Five Guys,36.115594,-115.138063,4
Mo's Race Day Cafe,36.27896808,-115.0212329,4
Aces & Ales,36.121392,-115.0646814,4
Pho Thanh Huong,36.1001831,-115.138668,4
Nora's Italian Cuisine,36.11505154,-115.2202836,4
The Bar @Trails Village,36.1936551,-115.3040337,4
Sultan's Grill,36.1675528,-115.1457096,4
Greens and Proteins,36.1148228,-115.3062846,4
Babystacks Cafe,36.2896832,-115.2868474,4
Greek Delights,36.170901,-115.1606348,4
Capriotti's Sandwich Shop,36.06817596,-115.1778612,4
Cafe 316,36.167682,-115.143516,4
Caffè Bottega,36.1132532,-115.1601829,4
Hawaiian Style Poke,36.12554807,-115.1944859,4
PT's,36.1374298,-115.0670067,4
Jerusalem Grill & Bar,36.1148713,-115.2066735,4
Olay's Thai Express,36.0794322,-115.1016447,4
Putter's Bar & Grill,36.1144314,-115.2781167,4
Noble Romans Pizza,36.1698382,-115.1433842,4
Sushi Neko,36.12592635,-115.211837,4
Crisp Sandwich Company,36.08585587,-115.1014206,4
In-N-Out Burger,36.04062762,-115.1912562,4
Archi's Thai Kitchen,36.1148157,-115.2309704,4
German-American Social Club of Nevada,36.196154,-115.126747,4
El Menudazo,36.1963442,-115.1056747,4
Hamburger Hut 'N' Market,36.2180977,-115.1161069,4
North Star Bar & Grill,36.2540775,-115.1526103,4
Waverly's Steak House,36.23855,-115.1190876,4
MRKT,36.29256304,-115.1807637,4
Machetes Mexican Food,36.196168,-115.110873,4
Que Mas Mexican Cafe,36.23748628,-115.1613163,4
Don Tortaco,36.2183846,-115.1281834,4
The Habit Burger Grill,36.2780299,-115.2060142,4
Chamango,36.2113762,-115.104936,4
Tacos El Gordo,36.21865224,-115.1254052,4
El Cazador,36.1960174,-115.1269284,4
Linme's Gourmet Soul Food & Catering,36.2265949,-115.295351,4
Subway,36.27573062,-115.119543,4
Mariscos Aguachiles Culichi,36.2045,-115.11513,4
Jun's Korean,36.238979,-115.1466821,4
Greens and Proteins,36.2725607,-115.2061454,4
Viva Zapatas Mexican Restaurant & Cantina,36.2407061,-115.096155,4
Mulligans Bar & Grill,36.24042515,-115.1177958,4
L&L Hawaiian Barbecue,36.24048528,-115.11635,4
Amazing Thai Restaurant,36.2630128,-115.1805607,4
Papa Murphy's,36.2777635,-115.1163171,4
Slices Pizzeria,36.1977963,-115.1918552,4
In-N-Out Burger,36.239677,-115.1114125,4
Tasty China,36.239713,-115.2023685,4
La Familia Authentic Mexican Food,36.26893288,-115.1104076,4
Teriyaki Madness,36.23814609,-115.1515048,4
The Little Greek,36.2626058,-115.1794172,4
EllaEm's Soul Food,36.237945,-115.1523117,4
Raising Cane's Chicken Fingers,36.2402794,-115.1216168,4
Port of Subs,36.27946448,-115.2060177,4
808 Hawaii Mixed Plate,36.237945,-115.1523117,4
Tacos El Tapatio,36.2623933,-115.1714671,4
MB China,36.1961963,-115.1189422,4
El Chino Tacos,36.2180595,-115.1621567,4
Surf City Bar and Grill,36.23747414,-115.1614133,4
Subway,36.26032164,-115.1541253,4
Winchell's Pub & Grill,36.25879,-115.1799954,4
Waffles Cafe,36.2865843,-115.1794971,4
China A Go Go,36.26798018,-115.1155836,4
Baja Fresh,36.1594825,-115.2874508,5
The Corndog Company LV,36.2657011,-115.2599646,5
Husongs Cantina,36.086668,-115.172986,5
Pablo's Kitchen,36.10003456,-115.1984079,5
Mamma Olivia,36.1249276,-115.1354186,5
Fernandez Hot-Dogs,36.15897897,-115.1222431,5
J Karaoke Bar,36.1263711,-115.1917692,5
Taqueria La Herradura,36.15864047,-115.1342549,5
Brew Tea Bar,36.0541948,-115.2424431,5
Meraki Greek Grill,36.0985778,-115.2424401,5
Taste My Love,36.2183313,-115.2081814,5
Fido's Kitchen,36.1432041,-115.262866,5
Mr. Bangkok,36.050351,-115.171564,5
Lip Smacking Foodie Tours,36.11453676,-115.1726783,5
Online Restaurants,36.114028,-115.2075459,5
Subway,36.16010875,-115.3500865,5
Jamboree Bagel Bakery & Deli,36.26623414,-115.2589717,5
Salud Mexican Bistro and Tequileria,36.14234986,-115.2683244,5
Blaqcat Ultra Hookah Lounge,36.15974227,-115.2327381,5
PT's Gold,36.03782034,-115.2974441,5
Tacos Los Parados,36.16959533,-115.1156098,5
Cactus Cafe,36.1517469,-115.2053706,5
Memphis BBQ Cleaning Service,36.30648709,-115.2835085,5
Modern Proteins,36.1121086,-115.1831938,5
LUV Lounge,36.05680118,-115.1290065,5
Taco Naco,36.221936,-115.1462928,5
Cukis,36.020468,-115.297893,5
Phoenix,36.144089,-115.160774,5
Delightful Chefs,36.1150682,-115.2378723,5
Hand Car Wash - Sinclair,36.0868672,-115.1005055,5
Joey's New York Pizza,36.20682683,-115.3023191,5
Best Meat,36.20276709,-115.1580899,5
Tipps Cafe,36.03452787,-115.1202007,5
Lisa Marie's Catering Services,36.0767976,-115.1015253,5
El Pollo Mobile,36.1752557,-115.116612,5
Papa Murphy's,36.057182,-115.278528,5
Makai Pacific Island Grill,36.19378908,-115.2461478,5
Ny Pasta And Pizza,36.1442029,-115.2313148,5
Tables Board Game Spot,36.0285275,-115.1353734,5
Planes de Renderos Restaurante,36.1291257,-115.0912802,5
El Varaderito,36.16884887,-115.2081237,5
Zenaida's Cafe,36.10174061,-115.100359,5
Dreamland Cafe,36.112921,-115.241952,5
Vegan Honey Company,36.15037279,-115.205121,5
Ice House America,36.0571894,-115.1285106,5
Chupy's Mexican Restaurant,36.099852,-115.220461,5
Tacos Huevos,36.1591487,-115.152673,5
Pos Paque Takos,36.15859502,-115.1330528,5
North Italia,36.159717,-115.2915033,5
Rocket Man BBQ & Catering,36.0744587,-115.1139653,5
Las micheladas,36.1291257,-115.0912802,5
Taste de Tropics,36.0762969,-115.109417,5
Bruno's Taco Bar,36.0715893,-115.2984465,5
El Cochinito Contento,36.11469685,-115.1003191,5
Karved,36.117091,-115.138401,5
Pie Me Over,36.078686,-115.241801,5
World of Feng Shui,36.1264356,-115.1933381,5
The Paiza Club,36.1220839,-115.1680316,5
Fresh Sub,36.1145754,-115.2266512,5
Taco San Francisco,36.15841149,-115.0892426,5
Toddy Shop,36.1714276,-115.2450798,5
Bosa Boba Cafe,36.1259599,-115.1848457,5
Lidet Cafe and Bakery,36.11517422,-115.2315667,5
Cobrinha Brazilian Jiu Jitsu Academy,36.176313,-115.260817,5
6500 Tavern,36.144512,-115.2366621,5
Zombie Dogs Vegas,36.128561,-115.1711298,5
Bajamar Seafood & Tacos,36.1517421,-115.1518119,5
Nayar Sonora Taqueria Mexican Food,36.0871503,-115.1016125,5
Divine Events,36.074147,-115.189719,5
The Reset Project,36.159951,-115.147464,5
Sprouts Farmers Market,36.29990847,-115.28224,5
Kame Omakase,36.1947692,-115.2524715,5
Call Me Cake,36.1669919,-115.2592262,5
El Zarape Mexican Restaurant,36.0929646,-115.1997671,5
The Green Regime,36.1576031,-115.2860645,5
Hon Pocha,36.131529,-115.2077244,5
House of Aloha,36.2432844,-115.2352182,5
King's Cafe,36.1778864,-115.1787423,5
Rachel's Kitchen,36.167252,-115.154643,5
California Sushi Burrito,36.1256356,-115.2024865,5
Cheba Hut,36.14324389,-115.2418982,5
Incognito Wraps,36.0896944,-115.2091639,5
Mojito Hut,36.12428838,-115.1463987,5
Taste - Homestyle Indian Kitchen,36.10865281,-115.1371105,5
McCarran Marketplace,36.0841716,-115.1221806,5
Golden Bar & Restaurant Equipment,36.159889,-115.103245,5
Smooth Eats,36.16789379,-115.1402385,5
Pop N' Sons,36.1555554,-115.1499561,5
Niko's Pizza Las Vegas,36.1064328,-115.2980195,5
Me Gusta Tacos,36.0533813,-115.2795528,5
Inos Rice,36.1697096,-115.1236952,5
BBQ Concepts,36.09681326,-115.2967694,5
Cafe Luhena,36.1147705,-115.2069889,5
Sushi Hiroyoshi Japanese Cuisine,36.1599423,-115.2222337,5
Garden Grill,36.1667834,-115.2861968,5
Mariscos 7 Mares Mexican Restaurant,36.1585441,-115.121042,5
Ace Of Steaks,36.1426342,-115.2217078,5
Vegas Veg Fest,36.16608231,-115.1532251,5
Island Style 2,36.12697554,-115.2414608,5
Pico De Gallo,36.21158415,-115.100356,5
Starbucks,36.2919853,-115.1806678,5
Maddy's Paddy Cafe,36.2100461,-115.1074418,5
L&L Hawaiian BBQ,36.26203221,-115.2067358,5
Pollos Culiacan,36.2045,-115.11513,5
Slot Burger,36.240966,-115.08093,5
Poke Express,36.23824597,-115.1509214,5